index,0,1,2
0,2.0,-1.2213485333668253,-1.1893355034803852
1,2.0,-1.3761675190324612,-1.2650585020250285
2,1.0,0.7494210969759818,-0.09576493370515964
3,1.0,0.7250205669081673,-0.11405606313022223
4,1.0,0.4734568837597861,0.1294068088084271
5,0.0,0.48189241023394036,0.9798512715847517
6,0.0,0.9058859885663092,1.2577842935808874
7,0.0,0.5443605752711861,1.2227854978215074
8,1.0,0.5525325531546622,0.1929154204739238
9,0.0,0.32490617914058195,1.4697116467480607
10,1.0,0.8053248941374265,-0.0054834641940171595
11,0.0,0.6910346577050673,1.3582921326769943
12,0.0,0.9128167694838231,1.0989915916216164
13,0.0,1.0208104404197444,1.1420583984615043
14,1.0,0.6780047536051724,0.09928613645563306
15,2.0,-1.5300696140448242,-1.2791726575721758
16,1.0,0.7538465764982836,0.056607061167543396
17,2.0,-1.3093546713361506,-1.2691093062081098
18,1.0,0.9707469615006834,-0.11660899382171705
19,0.0,0.8352604524213425,1.2189517949519517
20,0.0,0.5989965287615543,1.2152387928112642
21,0.0,0.39337399728428407,1.2351429382361605
22,0.0,0.9292235162080958,1.2322306664556448
23,2.0,-1.6709475095185657,-1.3794523149590232
24,2.0,-1.26898744680908,-1.4338314065470845
25,2.0,-1.2362551869843665,-1.1485402194802043
26,1.0,0.8034278970972436,-0.13008863861804143
27,1.0,0.9834962466529449,0.1557701002767952
28,0.0,0.6138523418548433,1.2865829169786747
29,0.0,0.6722347185010517,1.2308586316578751
30,1.0,0.6198735990176499,0.11130893359111302
31,0.0,0.8260725135262593,1.3526067974623734
32,2.0,-1.1875824341395076,-1.3925037607647803
33,0.0,0.9508000240896943,1.2124827902204554
34,1.0,0.6686639855309909,0.18892294708421298
35,2.0,-1.1663374544092562,-1.2174618106641604
36,0.0,0.5734734277981371,1.2442460152438288
37,2.0,-1.4125810541285972,-1.338360596472658
38,0.0,0.7599789858598807,0.966123775717919
39,1.0,0.5871813661532931,-0.09221808338005912
40,1.0,0.713852169083719,-0.14764922537818564
41,2.0,-1.5500310043711556,-1.2605036027476968
42,2.0,-1.6789312180086375,-1.343512974509107
43,1.0,0.8425780826082641,-0.026076921915334852
44,2.0,-1.1565452680803538,-1.3187286532575107
45,0.0,0.7814348752782586,1.2795670708514082
46,2.0,-1.5934529844501129,-1.0481141818623425
47,1.0,0.43781161531387836,0.20702444815909354
48,2.0,-1.5315010405398577,-1.1787017278004588
49,2.0,-1.3098339015432212,-1.0959539316704496
50,2.0,-1.4734493525215393,-1.04712873901014
51,2.0,-1.296794856893714,-1.2146131372152762
52,0.0,0.36059377930716846,1.1267223332142315
53,2.0,-1.0968960294225032,-1.262549066672089
54,0.0,0.5427889690148656,1.0519432408191383
55,1.0,0.5895487444882359,-0.07907826145570027
56,1.0,0.4472184666227646,0.018899127508361244
57,0.0,0.6713538742671558,0.9475905771969345
58,0.0,0.7478551128853927,1.1205095844395367
59,1.0,0.599723809663202,-0.09327006537787057
60,2.0,-1.7458616220200553,-1.1481696095261122
61,0.0,0.6356547712904316,1.1867102024148477
62,2.0,-1.4963670469860235,-1.0807956694053198
63,2.0,-1.3141595516487807,-1.1381259674255348
64,1.0,0.5742322687032665,0.1520707259485248
65,0.0,0.6749263874498603,1.143692441570346
66,2.0,-1.1613351031886774,-1.2343345910668984
67,1.0,0.6180343430254904,0.012555794273514054
68,1.0,0.7729935353652801,-0.0781554427598006
69,0.0,0.9442945755360922,1.182067311111595
70,1.0,0.5107982975809712,-0.06975295252876597
71,1.0,0.6923216447707033,-0.0021180506969072665
72,2.0,-1.4619280830409138,-1.1534031728263325
73,0.0,0.9212292457495618,1.1845251741848908
74,0.0,0.6502111045145492,1.2281662001237175
75,2.0,-1.5490434272390061,-1.1664968475182242
76,2.0,-1.3281289829580314,-1.4242159411853081
77,1.0,0.7505922095325094,-0.056849018111795394
78,1.0,0.689308433720707,0.1686324241171479
79,0.0,0.8473686412377193,1.1319277877155627
80,1.0,0.6581321587095337,-0.06746704696479155
81,2.0,-1.5724779691665878,-1.2240169801082839
82,1.0,0.5279790977221414,0.15784099365994847
83,0.0,0.9214893504731656,1.3896871865786096
84,0.0,0.8374417067083193,1.2040217231421664
85,1.0,0.45057721187694555,-0.08811439054158124
86,1.0,0.678997639912295,0.12086498616358492
87,0.0,0.6275973660126176,1.3085101277431663
88,1.0,0.6476408338111477,0.07949520642131713
89,2.0,-1.4285978776601005,-1.1721246514967447
90,0.0,0.8283515783258517,1.0436662800799639
91,1.0,0.7525372211882212,0.1593417259422712
92,0.0,0.7756649183052242,1.0760783766076278
93,0.0,0.6568499224521785,1.3575079165299868
94,2.0,-1.415653286218841,-1.3256271904347017
95,2.0,-1.4358798833072743,-1.281963386301457
96,2.0,-1.4628998175307462,-1.0858229670354764
97,1.0,0.8236016953781842,-0.1623292261147454
98,0.0,0.8353142776074499,1.3362407950797524
99,1.0,0.48676396285717966,0.06910714040493794
100,1.0,0.7299097106106347,0.054575458726235156
101,2.0,-1.225792455428473,-1.2354319226573276
102,2.0,-1.1697192064678037,-1.0905131094111995
103,2.0,-1.2722886304935621,-1.2664243778240163
104,0.0,0.431453877701358,1.1065338938165676
105,2.0,-1.4573259634214881,-1.324417313345734
106,1.0,0.7639864053044405,0.15124377418350787
107,1.0,0.543660882844605,0.0775214215913701
108,1.0,0.7479102577632286,0.15826657353551699
109,2.0,-1.0777933956178753,-1.0718240684215226
110,2.0,-1.1742876729794234,-1.2468674711646404
111,2.0,-1.5599769359598021,-1.2608995713124669
112,0.0,0.773413589957969,1.2765898837138479
113,2.0,-1.7427944436490437,-1.4075760394048618
114,1.0,0.7629696786043699,0.15120246896790615
115,2.0,-1.648112625056092,-1.1980034331591787
116,2.0,-1.4071553611076808,-1.2557059040092358
117,0.0,1.11792372319164,1.3115868847746368
118,2.0,-1.275486860190752,-1.1621091341252148
119,0.0,0.3380164025191435,1.3536109987188252
120,1.0,0.5820820920081519,0.15463213519033292
121,2.0,-1.288154904860007,-1.2862139662844132
122,2.0,-1.3434549496565207,-1.2736370227144207
123,0.0,0.769798689752181,1.3886681389285052
124,1.0,0.9025520174447262,-0.12409723996863598
125,2.0,-1.415852165651063,-1.2396068058797964
126,1.0,0.7479501693761449,-0.1377809271168183
127,0.0,0.9984095896205927,1.0797200230125346
128,0.0,0.4922869367758217,1.0199997511275958
129,1.0,0.6026516027042106,0.1653136450073354
130,1.0,0.5953126039575977,0.02578626327344726
131,0.0,0.3785379026701501,1.1261869603827475
132,0.0,0.721877747567696,1.2582582893303087
133,1.0,0.7983557138781431,0.034094052437423215
134,1.0,0.7513187702998779,0.1019471659593054
135,1.0,0.9623657736507262,-0.14133595939048793
136,0.0,0.7823345526288894,1.0000767751168096
137,1.0,0.7562144485920722,0.020204340534470396
138,2.0,-1.544024933765973,-1.213412731403719
139,1.0,0.3677797610940957,0.06772668768015339
140,0.0,0.5321757507262703,1.406684655758893
141,0.0,0.6504189268366171,0.9842900409068092
142,2.0,-1.4008758448062881,-1.102049244185472
143,1.0,0.5343803244941914,-0.10764346228721813
144,0.0,0.7438808221187919,0.8524013666950447
145,1.0,0.6401525726103012,0.1681028792138382
146,1.0,0.5970649863658986,-0.02278341305150358
147,0.0,0.5035059227055227,1.3768557492858917
148,1.0,0.8560520675914147,0.24959430211552408
149,2.0,-1.1118919152589752,-1.2904431151188651
150,0.0,0.26108757582094566,1.1646875533597714
151,0.0,0.6749082441149546,1.1130527817984426
152,2.0,-1.388242850955497,-1.3583881835910319
153,2.0,-1.3956019221307863,-1.1822162992902154
154,1.0,0.613075509636403,-0.13521581536659597
155,0.0,0.9328268860464628,1.1226791411651378
156,0.0,0.8562519133498749,1.0485853596734245
157,0.0,0.8254420931564252,1.2227715269126407
158,1.0,0.7170274077632,-0.09198778927578945
159,0.0,0.6548600357520533,1.3244437962446942
160,2.0,-1.1924913272207716,-1.414870678452579
161,1.0,0.5252984533430985,0.1791310179018706
162,2.0,-1.663229976326044,-1.3538260887509306
163,2.0,-1.255471402059736,-1.2027702482756084
164,2.0,-1.405827691808753,-1.3315466974180112
165,2.0,-1.5214411173159252,-1.0270837195624591
166,1.0,0.8667531160398102,-0.2724511919176743
167,2.0,-1.4479951319249524,-1.2045216490910815
168,0.0,0.45102026681197854,1.3099286082949313
169,1.0,0.9057432212331353,0.10956934437077508
170,0.0,0.8990311662629809,1.0533384608505605
171,0.0,0.7937327780419613,1.0428976220127766
172,1.0,0.5255955149404784,0.15833733640215267
173,2.0,-1.5592797404317986,-1.3974706426885866
174,1.0,0.7432340565715349,0.11302749871283911
175,1.0,0.6183027732545429,0.10380671206391637
176,1.0,0.6881897300221962,0.10480012092089633
177,2.0,-1.3839817908805976,-1.332065525629185
178,1.0,0.5283689417076585,-0.13390238752021
179,2.0,-1.3308513662012658,-1.1626590588640575
180,1.0,0.7208403117473225,-0.030061445920864918
181,2.0,-1.2964355795777012,-1.1420026701574657
182,0.0,0.9647610277473581,1.3663857273176525
183,2.0,-1.2524332068559898,-1.2117471821513877
184,1.0,0.8249113626492293,0.30480729581459254
185,0.0,0.5441547981241202,1.169407032143291
186,1.0,0.8311586453526659,0.2942250678618421
187,2.0,-1.398620238815833,-1.3113302706890095
188,0.0,0.6974166260889149,1.4265454132921773
189,2.0,-1.331600911109136,-1.098993396366207
190,0.0,0.5354510146102199,1.175498796494881
191,2.0,-1.4425201321132914,-1.3641586760502622
192,1.0,0.6311626957315528,-0.0077216140224699295
193,2.0,-1.4123304268743773,-1.2245013775298976
194,0.0,0.75058219053949,1.0844268003376214
195,0.0,0.6770319557509314,1.1973441846221393
196,1.0,0.8206367627955863,-0.09446015434824641
197,1.0,0.853918333260949,-0.055880033297368105
198,0.0,0.912534604301393,1.1369147591778075
199,0.0,0.708481834840453,1.2730013842654495
200,1.0,0.9160166484085537,0.08445358068335762
201,2.0,-1.371245525771485,-1.2094172756451531
202,1.0,0.5796399542397225,-0.0812172118843164
203,1.0,0.7799873354870588,0.18220858197951356
204,1.0,0.8052429553411758,-0.041803095589657197
205,2.0,-1.358411392776926,-1.0987363558247611
206,1.0,0.8412227555531754,0.34016954956206336
207,1.0,0.6311882010516007,-0.07230443147285819
208,1.0,0.6997598640284509,0.023226920636355092
209,1.0,0.9295442209836071,-0.08860187470401375
210,2.0,-1.5704238036604659,-1.2726157855243854
211,0.0,0.5929177984798051,1.2866768218250975
212,0.0,0.9200742425514385,1.0466185165720785
213,1.0,0.5942648544181778,0.045586932014666466
214,0.0,0.5561697404091887,1.1210922993366708
215,0.0,0.9373314188950517,1.1394278245135503
216,0.0,0.5009340121049279,1.0554687559528801
217,2.0,-1.40238189261561,-1.1775743900044047
218,1.0,0.6663228804107576,-0.007962645377925346
219,0.0,0.8535761792944838,1.1529203584364665
220,0.0,0.6394979967095947,1.5313540562255297
221,1.0,0.6404920522078288,0.1260695229195907
222,1.0,0.6575017336058736,0.12204586279584477
223,1.0,0.45832295062579403,0.10444818306637624
224,0.0,0.8409127219641902,1.2058104814281163
225,0.0,0.6785909077824811,1.276757643469974
226,0.0,0.5413161686318224,1.101608993481677
227,0.0,0.6104010303652168,1.0765158709835703
228,1.0,0.7714852375126503,0.16903252873516691
229,2.0,-1.4978174717565322,-1.347289582585106
230,2.0,-1.4300960153229887,-1.349655007045908
231,0.0,0.9511673453220527,1.1259608906212006
232,1.0,0.5044424074434694,0.12934255817685225
233,1.0,0.792305053856987,-0.07099418456541683
234,1.0,0.7126310953440647,0.07179347928519587
235,0.0,0.7037372117528853,1.1517424729214938
236,2.0,-1.4365799098213767,-1.306213816597057
237,1.0,0.5559416972958632,-0.09255569684049963
238,2.0,-1.2549512128211493,-1.1833325189230748
239,0.0,0.6153245111580959,1.1256323018364343
240,1.0,0.6279322344470194,0.06634645859731324
241,2.0,-1.4870760467719828,-1.254380819618025
242,2.0,-1.2936825287844034,-1.2540611019039074
243,0.0,0.8342472794838883,1.1236722359507432
244,0.0,0.8748944044409515,1.3739062897672685
245,1.0,0.46764833712445175,0.12768338602455592
246,0.0,0.4770073146302284,1.157094123527438
247,1.0,0.5682399053360251,-0.06148448273634322
248,1.0,0.7551927217734495,-0.04074459013895296
249,0.0,0.652097677826129,1.0789417614381294
250,1.0,0.5348261560719523,-0.08906893732960731
251,0.0,0.9222044779856777,1.3751998642565355
252,0.0,0.516368815894985,1.2086793626377543
253,2.0,-1.362908648613407,-1.1578133473553909
254,2.0,-1.6377675402607104,-1.3128230940229477
255,1.0,0.4324176248647984,-0.04225315928770363
256,2.0,-1.3386691403196125,-1.1235277746664207
257,2.0,-1.1526005512310888,-1.336303253879843
258,0.0,0.628053818533242,1.0219874572411294
259,1.0,0.7159256226002688,0.04235693848890947
260,1.0,0.6835221967220475,-0.021111543434822282
261,0.0,0.8922113477368666,1.07983380780119
262,2.0,-1.5188842149510071,-1.2448093317960285
263,2.0,-1.4481777781051166,-1.2845238995698454
264,1.0,0.5548677124783142,-0.022552074739849597
265,1.0,0.9090097136320026,-0.07405331757832873
266,2.0,-1.223060356827108,-1.2767124791444768
267,1.0,0.7867198896404869,0.016901484250306343
268,0.0,1.1170939857295388,1.3412763292231047
269,1.0,0.6213415331267903,-0.11735227447088581
270,1.0,0.9140917120713397,0.06300112738022322
271,1.0,0.7390185181739175,0.03625611838786864
272,2.0,-1.3715647297571412,-1.2315569590170683
273,0.0,0.5518060535092604,1.301870311489137
274,0.0,1.0176912294628222,1.1902499252196894
275,2.0,-1.3809399500609556,-1.1448955028563403
276,2.0,-1.1319700739720973,-1.542973530852974
277,0.0,0.48894130065006786,1.0877427177237393
278,1.0,1.0406073546753538,0.042499467212296894
279,2.0,-1.3109369390125467,-1.3639361591320331
280,2.0,-1.5065452699175355,-1.1599504373170162
281,0.0,0.5403425987888039,1.100431190028295
282,1.0,0.8883195979671031,0.4319589832335635
283,2.0,-1.3094627229223417,-1.2988674751563731
284,0.0,0.39958653462622895,1.2180691184172112
285,1.0,0.5744573418774805,-0.11896104852993192
286,2.0,-1.0106660848790163,-1.2373583026947286
287,0.0,0.6337904224291613,1.4131437063931693
288,1.0,0.8089179120260822,0.1275323795865339
289,1.0,0.6774128626121297,0.0800537658588224
290,0.0,0.7908606570166885,1.163119930003784
291,0.0,0.9684154967595869,1.1392698528373084
292,1.0,0.5034404418145411,-0.02818434906138443
293,0.0,0.699771665401023,1.2167541755692108
294,1.0,0.8157905357638295,0.08003794723933477
295,1.0,0.530389376992522,0.10054619011896655
296,2.0,-1.2309357775853909,-1.3429001908147042
297,1.0,0.7370851211825706,-0.05598511519083513
298,1.0,1.052835275361671,0.01807081556766592
299,2.0,-1.1197974550114198,-1.4665092429743138
300,0.0,0.7048441633937127,1.1187874538585783
301,0.0,1.0164080781866138,1.398982046363714
302,2.0,-1.1046641024303867,-1.0894604207324194
303,1.0,0.5637095243068263,0.02266292692543196
304,0.0,0.6200830513273251,1.190845457240985
305,1.0,0.5517217778561396,0.13178835151225635
306,2.0,-1.467243407449276,-1.2281010405476742
307,0.0,0.6903373708807031,1.2993523863674867
308,0.0,0.6373727673684809,0.9718511030596227
309,1.0,0.5518579603739143,-0.006047033004180625
310,2.0,-1.059463414800873,-1.3414147521097886
311,2.0,-1.40994608355351,-1.213970920858322
312,0.0,0.5941446572210227,1.2415054649636197
313,1.0,0.3873164136181794,0.17956444360162854
314,2.0,-1.4522639700938096,-1.2480225738343382
315,1.0,0.5794374151245287,0.11428804890069796
316,1.0,0.6139932170190575,-0.13899469681619875
317,0.0,0.617929149828205,1.0706360328825697
318,0.0,0.6604947083479735,1.0033776556333451
319,2.0,-1.4411861528458758,-1.2029473068925263
320,2.0,-1.5578080289725231,-1.2779981351370902
321,1.0,0.8003872766085608,0.11900087577615817
322,2.0,-1.4636770291371368,-1.2906175524061276
323,2.0,-1.6280363071294304,-1.4693244157210401
324,1.0,0.6416603988346526,0.2590039517199183
325,2.0,-1.404598381101152,-1.2234746197386956
326,0.0,0.6791593679491509,1.2009443034994978
327,1.0,0.5555165982117959,0.042844112188597724
328,2.0,-1.2447279554609363,-1.2209302633672332
329,0.0,0.8465534991803378,1.1262039287264785
330,0.0,0.7276312374012583,1.036016846733205
331,2.0,-1.2842274217581375,-1.1516581444833014
332,1.0,0.6065146724200243,-0.15442426679301305
333,2.0,-1.5643048669115192,-1.0846188065030926
334,2.0,-1.375394667790061,-1.192584494363235
335,2.0,-1.3989470104083555,-0.9652110661759538
336,0.0,0.4407179154499739,1.2140264681575175
337,2.0,-1.9494457024410967,-1.3332947053323447
338,0.0,0.798248780160482,1.292435120339293
339,2.0,-1.1929878101832132,-1.1501328604268726
340,2.0,-1.2316325690328087,-1.2680812835046729
341,0.0,0.7397396027634613,1.090238576011312
342,0.0,0.49164182824082636,1.2508439187946732
343,1.0,0.7057292389539597,-0.003030620199115725
344,2.0,-1.4281958522592442,-1.3850668134114021
345,1.0,0.8623997331967249,0.19874629399213584
346,1.0,0.7834591702608215,0.05014327538342295
347,2.0,-1.2237662064185078,-1.0311429092665343
348,1.0,0.9441134734389977,0.04150525936909496
349,2.0,-1.650434230242805,-1.3404552798193767
350,1.0,0.71803790516921,0.05412911500478457
351,2.0,-1.4251781089230953,-1.085237455649941
352,0.0,0.7808279437319234,1.2604606226515516
353,0.0,0.18757736648998108,1.3102629230919614
354,2.0,-1.6297808222401564,-1.1493137833031946
355,0.0,0.678774121788592,1.2563659000267309
356,0.0,0.98340888544053,1.0810603612428036
357,1.0,0.5425377444314708,0.07476488408478785
358,0.0,0.7334564870033695,1.2070826057760677
359,2.0,-1.3970204577772904,-1.2054347063092334
360,1.0,0.5355557762673908,0.022173739827039976
361,0.0,0.7428254597348785,1.081318366093633
362,0.0,0.5812680047828774,1.2786831444619373
363,0.0,0.4939769214033827,1.116789563564681
364,1.0,0.5387588631985014,0.13325485068072107
365,2.0,-1.5024178051576362,-1.2360554671370256
366,2.0,-1.7500742003826866,-1.2123429528055916
367,2.0,-1.5007608378342971,-1.4030967295806487
368,0.0,0.4875820840646519,1.1863475848389493
369,0.0,0.6107298334784359,1.125509400955252
370,2.0,-1.2681722452528585,-1.2681869479028183
371,1.0,0.6542567436201259,-0.02125586253155638
372,0.0,0.8251152291999815,1.2010505346568034
373,2.0,-1.3368016965374383,-1.2778473217237445
374,1.0,0.6501637342687567,0.09525442240622714
375,1.0,0.797282116228154,0.026637447878195986
376,1.0,0.8360593635708029,0.22985950592402193
377,0.0,0.744274272563538,1.1036302570146521
378,0.0,0.7178876905923425,1.1165606746491217
379,0.0,0.8924614103437722,1.2078779557463883
380,2.0,-1.566410345938319,-1.1209613855425016
381,2.0,-1.5088983150114073,-1.3715580359852761
382,2.0,-1.527654865653473,-1.0477875043117486
383,1.0,0.7489949078540531,0.242111365514576
384,0.0,0.4768685440195532,1.1562896598247978
385,2.0,-1.2805596117907587,-1.219563500620631
386,2.0,-1.639548967824198,-1.378611749233232
387,1.0,0.7213357866870791,0.3953944844235994
388,2.0,-1.0233660155598114,-1.2789822091753695
389,2.0,-1.5702090121992693,-1.0608093755989305
390,0.0,0.7051219893311048,1.372844505592878
391,1.0,0.3339135365995655,0.07899677847397622
392,1.0,0.8219242530651104,-0.03258652152754413
393,0.0,0.7804178119079208,1.0414771910484915
394,2.0,-1.3520774278907886,-1.3134640313267427
395,2.0,-1.3714568279230246,-1.094607126173786
396,1.0,1.0527942801795829,0.03412344611544316
397,2.0,-1.3958034910947579,-1.2773342517346984
398,1.0,0.9245597977350917,0.13579058888385667
399,1.0,0.8511002095993285,0.1568890717266467
400,0.0,0.8598092547043812,1.115280693601692
401,1.0,0.7217377630506322,0.04396748012631378
402,1.0,0.4004951208376272,0.15480823090981408
403,0.0,0.5255241886952199,1.1954103773062275
404,0.0,0.7114889596179402,1.2308280826372506
405,2.0,-1.1629822109175922,-1.3816778277512263
406,1.0,0.7259833915134547,-0.017347816903959083
407,0.0,0.7085978339667015,1.263911878188838
408,2.0,-1.220138657634651,-1.2510719515590285
409,0.0,0.6958904525631096,1.4209689242121069
410,2.0,-1.534824555343531,-1.0896788104869073
411,1.0,0.5195647337654904,-0.04989890755402596
412,2.0,-1.5012311151548001,-1.2566334120151794
413,2.0,-1.1758124019927663,-1.1501421982030406
414,1.0,0.6626337382079002,0.004326640898712499
415,0.0,0.7461729989364604,1.169410053086403
416,0.0,0.5593547637509667,0.9179532268374673
417,0.0,0.7460641954786803,1.0684153330417197
418,0.0,0.3470041287119488,1.0798123424401052
419,1.0,0.40414493939250223,-0.01727639184452927
420,1.0,0.5349483720054214,0.005856214698831881
421,2.0,-1.4339558865296629,-1.1903301533597177
422,0.0,0.539727504363729,1.1596362022727507
423,0.0,0.5388717984035646,1.225319207341923
424,2.0,-1.3491963869400487,-1.2336115718800011
425,2.0,-1.5582878865888126,-1.1988207322885334
426,1.0,0.4447970065465709,0.09961341566960459
427,0.0,0.8628254799853404,1.2137951418961728
428,1.0,0.564978201884666,-0.08584874922325793
429,0.0,0.382821947144022,1.290080276538017
430,2.0,-1.3469592056859108,-1.2248083951538833
431,2.0,-1.5679408183200918,-1.0229522790025727
432,0.0,0.8010785186917216,1.3200352294737578
433,2.0,-1.4811625053991624,-1.1685722470897986
434,0.0,0.8509481285873934,1.3928755910420814
435,2.0,-1.38635539390262,-1.0051019154310672
436,2.0,-1.499110494810967,-1.1428588537428457
437,2.0,-1.4501074496562698,-1.2573632945597435
438,2.0,-1.248113839138221,-1.3627290087787092
439,1.0,0.4807654255313217,0.1689226222865806
440,1.0,0.8066016840637331,0.15237422692120534
441,1.0,0.555262402685105,0.11241294151438803
442,1.0,1.05498460864304,0.016553303109284264
443,1.0,0.7370469547279517,-0.05575222150477162
444,2.0,-1.220859949983083,-1.311336975742433
445,0.0,0.7434590085080022,1.1256024385900536
446,2.0,-1.212585020081879,-1.175363410189597
447,2.0,-1.2878047299030393,-1.1052798235014356
448,0.0,0.7884854314505131,1.267438678238811
449,0.0,0.8728551271969783,0.9831044539532873
450,1.0,0.5745564609891526,0.03629258075718002
451,0.0,0.6775604976252951,1.224290066124259
452,2.0,-1.344992141977508,-1.2641369930593582
453,0.0,0.4497583881541881,1.1804459851115303
454,2.0,-1.285083030169411,-1.2268736754820078
455,1.0,0.47151771289195016,0.08896218148144451
456,0.0,0.6415657211964626,1.1570289311998854
457,1.0,0.4652669678174622,0.027255347079724716
458,0.0,0.6729925887133633,1.2454157331401001
459,2.0,-0.9220439744483219,-1.1142578884126213
460,2.0,-1.4962719477208144,-1.4124006801607445
461,1.0,0.3711731576045546,0.057254682176548576
462,2.0,-1.3916102108489676,-1.2462881536212018
463,1.0,0.9763550968325543,0.10084199720271132
464,0.0,0.969190191361018,1.0329395468935016
465,1.0,0.4686528527583919,0.12956071082578324
466,1.0,0.7338444754908778,-0.06745255611639435
467,2.0,-1.5248535094144484,-1.1716938064788727
468,1.0,0.2925685512786308,0.0006670874336252265
469,2.0,-1.3377097663123767,-1.1563755406869949
470,0.0,0.4651403899507065,1.166240670699612
471,2.0,-0.9574154573006934,-1.520569322009312
472,0.0,0.6611715607852995,1.3025453213259186
473,1.0,0.6982683219204325,0.19958602163140826
474,1.0,0.9483303021353514,0.012733360126185615
475,1.0,0.551193474621131,0.22579938406324462
476,1.0,0.4704840406318971,0.1205449015665701
477,2.0,-1.171383726084421,-1.2317885619391875
478,2.0,-1.5996734372517163,-1.1310872136203496
479,2.0,-1.2593804057360725,-1.3847014909013662
480,2.0,-1.1417623482683337,-1.0950154721473524
481,1.0,0.348898555095167,0.14297065982876514
482,0.0,0.7890794211462979,1.1876968688142984
483,0.0,0.375549844703922,1.34029701314913
484,1.0,0.8177996104768316,0.1446862197663729
485,0.0,0.3821553755774861,0.9932129577015748
486,1.0,0.6588113786576494,-0.011500145868073913
487,1.0,0.7564756061471644,0.23586307301061213
488,0.0,0.7571805796246228,1.3456808564471092
489,2.0,-1.3025157631241984,-1.2842993723000133
490,0.0,0.5482268671868009,0.9583782329929251
491,0.0,0.6800132911624627,1.240381234486776
492,0.0,0.690748520561129,1.099250254864523
493,1.0,0.7285440654497718,0.1043349629764174
494,1.0,0.8827582386756656,-0.08200367001096652
495,1.0,0.8483914423722506,-0.011147280112748983
496,0.0,0.5675495906070305,1.1017209500392326
497,0.0,0.4168721864601359,1.0760151550250072
498,0.0,0.7449774327325072,1.3502044225884435
499,1.0,0.9029119910580004,0.023423194792707054
500,1.0,0.7120574088009022,0.17034252419270915
501,2.0,-1.343307066007745,-1.3241237604381644
502,1.0,0.7547666247893687,0.17803506959213133
503,0.0,0.7356790881340626,1.2563830338303104
504,1.0,0.8838609485555514,0.2366932353328775
505,0.0,0.7887618595517756,1.313602643857772
506,0.0,0.6842304459634466,1.1096602997786444
507,1.0,0.7763060982218454,0.2758777194219423
508,2.0,-1.1136008054748185,-1.3089414755455078
509,2.0,-1.4475668524028464,-1.441412627817401
510,1.0,0.5707502434565358,0.2085584019344357
511,1.0,0.6221471944966818,0.14942703044317523
512,1.0,0.44848984575062967,-0.02169770245332742
513,1.0,0.5052740827678756,0.009583252704414257
514,2.0,-1.535659002791789,-1.1623586194352689
515,0.0,0.8633946092984367,1.3490267024281224
516,1.0,0.6343403774348464,0.20010675473563225
517,2.0,-1.2464619824615994,-1.0844443150121044
518,0.0,0.6276565958834728,0.9879468706196712
519,1.0,0.660547472855169,-0.17125260322009292
520,0.0,0.6066619757291402,1.0712715131696362
521,0.0,0.7378981082773068,1.0839916332476607
522,0.0,0.9836292774624896,1.2798267714869411
523,1.0,0.7954963000945094,0.2098927110555417
524,2.0,-1.4490841590448045,-1.3005702081162325
525,1.0,0.38348338219036626,0.0252843778629649
526,1.0,0.8451999342483844,0.0897313632281808
527,0.0,0.9272569485284666,1.1078874627694357
528,2.0,-1.5596694199213788,-1.2543407438185092
529,0.0,0.6416452481357798,1.1343228991320067
530,1.0,0.8869595125267916,0.22751256870437409
531,2.0,-1.5314100778010495,-1.2504029520685525
532,1.0,0.6758964240710509,0.1712121749216554
533,0.0,0.6047893231554935,1.289864113491661
534,0.0,0.42891994210750967,1.2411436776034965
535,1.0,0.4985067772852093,-0.1003159322029477
536,0.0,0.6731202508628363,1.2793721364292108
537,0.0,0.8967929620794791,1.251497883077622
538,2.0,-1.3712001605309072,-1.1617977628913205
539,1.0,0.8382590539038003,0.2524876060487795
540,0.0,0.4048547255081277,1.1434216195223694
541,0.0,0.7516366470599066,1.185939391854665
542,0.0,0.6649762633112968,1.0070401565701954
543,1.0,0.5956287895573351,0.32484202216363667
544,0.0,0.9362204732384317,1.1377252393630675
545,2.0,-1.2533539700999625,-1.2425578075621828
546,2.0,-1.6241480228531138,-1.2827602036558272
547,2.0,-1.15674719128295,-1.437563332747075
548,0.0,0.7290413555836551,1.2452959431865378
549,2.0,-1.2243006787268487,-1.278096373926486
550,2.0,-1.366013218867319,-1.2435839151132042
551,2.0,-1.2931065288265562,-1.3069903681374087
552,0.0,0.5027259200039264,1.182995857189544
553,1.0,0.9707220448073998,-0.06508763215579419
554,0.0,0.9775542562595025,1.1953178403664952
555,2.0,-1.2827992797443242,-1.112088033234299
556,1.0,0.45997359427659074,-0.00092177539981797
557,2.0,-1.4344392945195041,-1.4221455993678345
558,2.0,-1.1719513677198836,-1.5076733509390061
559,2.0,-1.5431031333011187,-1.3012921158042468
560,0.0,0.5846913295191747,1.2383902409837855
561,0.0,0.3731048953806444,0.9874656866534556
562,0.0,0.8867005056277052,1.0361566616554265
563,2.0,-1.6260467087479746,-1.4072256946572737
564,2.0,-1.4465958560998307,-1.4319840253830345
565,0.0,0.6468424505838465,1.2265543264790593
566,0.0,0.921663691119598,1.091043183660785
567,0.0,0.7601622383692901,1.1992934127265371
568,0.0,0.5684139042784857,1.1035395211165955
569,2.0,-1.025465968958514,-1.4376496920550073
570,2.0,-1.1694744846513192,-0.9914806168818424
571,2.0,-1.541820224368305,-1.3034867564573727
572,2.0,-1.4730634129598468,-1.2002503869571575
573,1.0,0.7378192831219874,-0.045402406090896984
574,2.0,-1.4159828531911751,-1.3193177991675324
575,1.0,0.7665579593596862,0.03235964615653726
576,2.0,-1.3648864073280662,-1.1563545017775427
577,0.0,0.39723778957700606,1.2377884854995913
578,2.0,-1.4413818671220668,-1.3564492837511475
579,1.0,0.7890115382697492,0.22712459499848153
580,0.0,0.7452343970756337,1.1912722723061404
581,2.0,-1.3942372916653811,-1.0784745152565312
582,2.0,-1.3859145612358383,-1.41604301142649
583,1.0,0.5841580163421195,0.1265150499614351
584,0.0,0.4352243303190692,1.0464757416648605
585,0.0,0.6465175704371066,1.0765871322198313
586,1.0,0.7901927900260728,0.11157469457506974
587,1.0,0.5489622071738754,0.09730724205218444
588,2.0,-1.4499049748601434,-1.167984865220493
589,1.0,0.36681411706482,0.01666756768998355
590,1.0,0.6197819589555466,-0.05737621250630888
591,0.0,0.5755587632701735,1.114779180450588
592,1.0,0.5606534257974071,0.11551737749300695
593,2.0,-1.5924294629675844,-1.1885988463361181
594,0.0,0.7861537840541856,1.2186315996519224
595,2.0,-1.2459537658318933,-1.3293334121182225
596,0.0,0.7309380257991113,1.2134644011966325
597,1.0,0.7783900258957273,0.0916992401731166
598,2.0,-2.0646917010641146,-1.1789486015237185
599,0.0,0.6410390615126423,0.9366117373423789
600,0.0,0.3432938059232847,1.2675077843268856
601,1.0,1.045513668443732,0.14608973160893401
602,2.0,-1.2696316067935498,-1.360487993730001
603,1.0,0.7010209234716498,-0.05549266442142182
604,1.0,0.5906853596312822,0.007197604598018824
605,2.0,-1.1820173166229564,-1.3017583938568482
606,1.0,0.7313075525221051,0.12120080748063346
607,2.0,-1.2394588239621378,-1.4259953974354358
608,1.0,0.707442130534268,0.04905427776683238
609,0.0,0.7117111850659309,1.157862095775796
610,2.0,-1.410071115489331,-1.3411016071429833
611,1.0,0.645354061886861,-0.009640459051233116
612,1.0,0.5132762388046711,0.19861225379934505
613,0.0,0.7769511477799834,1.0573728685576818
614,0.0,0.6435423802301816,1.2258323407059692
615,2.0,-1.5893107666682535,-1.109143607668862
616,0.0,0.6190102792057244,1.115945415728022
617,0.0,0.827124308197593,1.159839044755754
618,2.0,-1.2305434033780203,-1.331832638496472
619,0.0,1.0324902092165356,1.3499728191810731
620,2.0,-1.3751607247666138,-1.3421201135164276
621,0.0,0.8312431564194479,1.2897889813682284
622,2.0,-1.192143934651391,-1.281036080060793
623,2.0,-1.4517537040475141,-1.2523492397102889
624,0.0,0.8815209237267507,1.3521026090328216
625,0.0,1.0624293288050504,1.1631243692575004
626,0.0,0.6738812169235187,1.3209877154448473
627,1.0,0.7393117560601934,0.2225024299124685
628,0.0,0.8661187475706927,1.3292318117800108
629,2.0,-1.4230689278502342,-1.2525823962173748
630,1.0,0.9434761004793359,0.10703770916284655
631,1.0,0.7500358464447621,0.26810107155212076
632,2.0,-1.4097386553117244,-1.2362731375662663
633,2.0,-1.2972162506110383,-0.914956191383615
634,0.0,1.0266145736700383,1.2702167528145278
635,0.0,0.5229048490634431,1.145204609712235
636,2.0,-1.2581783943643123,-1.3082472119967643
637,0.0,0.7842668898005389,1.2701762562952146
638,2.0,-1.5200994191613675,-1.2780255724336704
639,2.0,-1.3530073655333343,-1.1836648934871037
640,0.0,0.5582662669102978,0.9976821965400462
641,0.0,0.48199516446165885,1.183638365791841
642,1.0,0.5854562458367658,0.06695762274190663
643,1.0,0.578708854015817,0.16646628177385991
644,1.0,0.6913525558823017,0.18587163131987766
645,1.0,0.5534997402259447,-0.07809326332650074
646,0.0,0.7594502141395845,1.0477125468184187
647,2.0,-1.2046597562811425,-1.3903349093506283
648,0.0,0.7853147153592811,1.2283217662714512
649,1.0,0.7939852191759413,-0.023167167838952858
650,1.0,0.45700601970539617,0.11888994931896729
651,1.0,0.8073607963573602,0.05899493455734558
652,0.0,0.9035054800515437,1.2174012797856357
653,2.0,-1.3645131207401673,-1.3629054037327806
654,1.0,0.6905868437044395,0.12177565265561084
655,1.0,0.8752091765651796,0.056238422874577594
656,2.0,-1.40268985527266,-1.3163789563377188
657,0.0,0.4388082101426155,1.0173992610086358
658,2.0,-1.6308152192515555,-1.159098941277257
659,2.0,-1.4079640902063002,-1.2122780834444429
660,2.0,-1.5133172017579308,-1.278162222970535
661,1.0,0.6969957536743218,0.17813235882139386
662,0.0,0.6775569860541407,1.2879906467401243
663,1.0,0.8421875950985578,0.09921445662853746
664,2.0,-1.3850965943781544,-1.200901856045389
665,2.0,-1.2901045663565944,-1.1158646170392525
666,0.0,0.7020395900224146,1.125125810555964
667,1.0,0.8433650886293551,0.07296674338850029
668,2.0,-1.4270699596590946,-1.1058643350389536
669,1.0,0.5594530929514172,0.3179234391324286
670,1.0,0.6749897163890971,-0.10095167460446841
671,0.0,0.7997870145156553,1.228522516088299
672,1.0,0.7766297788549825,-0.4108093242456928
673,2.0,-0.9977399469458285,-1.0939161367678858
674,1.0,0.5772296460326067,-0.030703540039971104
675,0.0,0.6074398879978362,0.9927543517696724
676,2.0,-1.5423957042132062,-1.3764790600617278
677,1.0,0.7494244696518408,-0.1037625624276108
678,1.0,0.9320002542728969,0.06823004899067366
679,1.0,0.6641708060009586,0.2762179389123797
680,2.0,-1.3724093948647025,-1.1437177641777876
681,1.0,0.7382180337864419,0.02396703642438825
682,2.0,-1.411121078712242,-1.0921235617574876
683,1.0,0.834448853379105,0.12857156803637415
684,1.0,0.8875846244474703,0.0844414987472011
685,1.0,0.826282682155662,0.16865603909779034
686,0.0,0.7144200289923571,1.2772900433164063
687,2.0,-1.6061231365090323,-1.1569716449196459
688,1.0,0.5609929538406943,0.11505102732228052
689,1.0,0.4656788420397992,-0.0007396588454940822
690,1.0,0.5206602445132493,0.08560384124207711
691,2.0,-1.2162961076141112,-1.2138085520635347
692,0.0,0.6172255035536943,1.2483462906621179
693,2.0,-1.74583899421312,-1.3084940262233722
694,1.0,0.8802133854750843,0.0838350879445318
695,2.0,-1.1984711542925823,-1.4028304130848734
696,0.0,0.7168080629946182,1.402806878692529
697,1.0,0.7823865000711779,-0.061288946354983526
698,1.0,0.42946060554547466,0.0898629840322136
699,2.0,-1.1095334115975768,-1.2731786474588762
700,2.0,-1.366638268398108,-1.0012961917933672
701,0.0,0.8046208624266566,1.2834642673252048
702,1.0,0.6203060486836122,0.03732541743400857
703,2.0,-1.6472547393862307,-1.3646892735697769
704,2.0,-1.502715413859342,-1.246782348906417
705,0.0,0.584810412305828,0.9932594624542374
706,2.0,-1.321944734640647,-1.4106504514309817
707,1.0,0.9256666025643212,0.2224789552652656
708,0.0,0.8418439274168726,1.1382594319305996
709,2.0,-1.6725550618633955,-1.402491001353629
710,1.0,0.6929502608571362,0.07823740089378899
711,2.0,-1.4168322304682595,-1.303642764621443
712,1.0,0.44876981142720773,0.09205705886169523
713,0.0,0.6824406811541781,1.092107133150115
714,1.0,0.5655243338369681,0.1881634025330968
715,1.0,0.5981498388207157,0.2050281359566401
716,0.0,0.629975124394939,1.1934137647276613
717,0.0,0.4865468377452403,1.0832893332232645
718,0.0,0.7981938034996703,1.0500619150853676
719,2.0,-1.3066002483121877,-1.159243872400994
720,1.0,1.0955252336818235,0.008677223415523292
721,0.0,0.42083915625182433,1.1918844292028556
722,2.0,-1.557666940284146,-1.5751731338413775
723,2.0,-1.6063763920394316,-1.0287042439247387
724,0.0,0.45913543940914364,1.40538393695903
725,0.0,0.6355171205587973,1.1740113382874793
726,2.0,-1.7088263557962253,-1.168167136310398
727,2.0,-0.9377938346000514,-1.2160917904973783
728,1.0,0.6656545845310179,0.1546414539302676
729,0.0,0.3565428055213374,1.0088558751176755
730,1.0,0.7415558145582226,-0.013386495146317227
731,2.0,-1.414738953345155,-1.5314391031049799
732,1.0,0.6585661344845221,-0.10198935344890772
733,1.0,0.9068753059831242,0.23714213353507965
734,0.0,0.880610178625977,1.1765301676118238
735,2.0,-1.6033833739512444,-1.2240440351506323
736,1.0,0.8173479192621347,0.016917286255480654
737,2.0,-1.3760703085337394,-1.2189180769817785
738,2.0,-1.5758145898158422,-1.1168699682077268
739,2.0,-1.0932967041309753,-1.1710272632596175
740,2.0,-1.1884260501251795,-1.0964742430683876
741,0.0,0.9723576141298418,1.169603961261485
742,1.0,0.809980297997468,0.10102144570963872
743,1.0,0.5591660875819003,0.12196259305253133
744,0.0,0.41091481163952237,1.1820115619993807
745,1.0,0.8489588127398983,0.17440007549163497
746,0.0,0.5913139400898394,1.2639171991051474
747,2.0,-1.5437742934700398,-1.3117115837112006
748,2.0,-1.5423227184770263,-1.2156981353272451
749,1.0,1.1283345320365032,0.16820564323105971
750,2.0,-1.4431578430436134,-1.288848199667277
751,0.0,0.8012575983090131,1.2497780110549421
752,2.0,-0.9408491293012881,-1.284644267106031
753,1.0,0.48008305078486396,0.2364041091837132
754,0.0,0.830601836066977,1.1305766056872606
755,1.0,0.7068632283913125,0.11500976565317306
756,1.0,0.8434251361259155,0.2088269864073726
757,1.0,0.8941731009079729,0.17133837399456178
758,2.0,-1.3343930203692589,-1.2114609455136622
759,1.0,0.7499273629324031,0.05410318128127774
760,0.0,0.6176571216764671,1.0695966948206308
761,0.0,0.7219825069008391,0.9976478175439272
762,1.0,0.5186765049246651,0.08820591552610252
763,1.0,0.7460026379798838,0.23103591097279974
764,2.0,-1.1531715269174183,-1.3289975455600858
765,1.0,0.5153561986665128,0.1471279246295508
766,2.0,-1.1849288467808596,-1.097975760593985
767,0.0,0.843123697741151,1.0233276855205256
768,2.0,-1.4835811508529841,-1.3520479358013557
769,2.0,-1.4249791988903702,-1.2639512729858617
770,0.0,0.9578074069491789,1.2342364680923459
771,1.0,0.511114871098989,0.16020303491175414
772,1.0,0.9056785247008436,0.0864432180794175
773,1.0,0.6746699448319372,0.03633363226049841
774,2.0,-1.5070905511703276,-1.2224249032569796
775,1.0,0.6378525638021535,0.23918426998867595
776,2.0,-1.3824626797740658,-1.3817602256520038
777,1.0,0.6670754894495198,0.15992661811283848
778,1.0,0.7066063506435736,0.06171323888023156
779,1.0,0.8707125829868425,0.07017089425405154
780,0.0,0.7824766671138695,1.2006529759760038
781,2.0,-1.3745022646279041,-1.2376289205586972
782,2.0,-1.3104696032713965,-1.3271332531599118
783,1.0,0.851335572478786,0.2541689650315832
784,2.0,-1.2374464173561062,-1.2042910663349156
785,1.0,0.6319407344623672,-0.04177934470152642
786,2.0,-1.3617837024858956,-1.0601998486559043
787,1.0,0.5928286251612016,0.0021487641390389124
788,2.0,-1.553517441461882,-1.3992291042075018
789,0.0,0.9086105079299456,1.1546123607574557
790,2.0,-1.511807624480772,-1.3621447892367005
791,1.0,0.826509308323291,0.10362453084096379
792,0.0,0.7148874075886396,1.4793031023320984
793,2.0,-1.1908804112679043,-1.332518763878199
794,2.0,-1.546805290435863,-1.404608456222895
795,1.0,0.9392636713417634,0.09811024836396715
796,2.0,-1.2203589787703575,-1.311215390304843
797,1.0,0.6569487313347415,0.10301221527968758
798,2.0,-1.426854115795829,-1.162318766740479
799,2.0,-1.1270056129205699,-1.1963417252577067
800,2.0,-1.4638173599725794,-1.4341099655316096
801,1.0,0.6762031694686088,0.34923182272353437
802,0.0,0.684388413127971,1.1766898317211618
803,2.0,-1.2942527370169599,-1.1111618216997075
804,1.0,0.6513510533732351,0.12135248197960466
805,1.0,0.713045728838342,0.02729774647343702
806,1.0,0.544085905209703,0.22788559122357183
807,0.0,0.5753645983412414,1.233869173171055
808,2.0,-1.37321831449567,-1.2808321497958697
809,2.0,-1.3827145132141667,-1.2663185838768096
810,1.0,0.7120197504118154,0.11300001535517833
811,1.0,0.751543587225467,-0.0718385710798289
812,1.0,0.436050180886069,0.058658993655339824
813,2.0,-1.6350326961469324,-1.2315626310288497
814,0.0,0.5005785112421607,1.2751645015787365
815,0.0,1.084476651826143,1.2586024087264338
816,2.0,-1.4506686856528215,-1.141566331318268
817,0.0,0.6479077240771303,1.1146706995652322
818,2.0,-1.1401865231756096,-1.3443202197375146
819,0.0,0.7245505123848628,1.124219337764735
820,2.0,-1.6356236582494013,-1.3715363416965476
821,0.0,0.569626820260743,1.324173225187817
822,2.0,-1.1700615401707297,-1.1614084810764294
823,0.0,0.5300322806568978,1.1781703899890825
824,0.0,0.6138663878784527,1.456732873970508
825,0.0,0.38754420437397313,1.2299992789939447
826,0.0,0.5398946683991537,1.099282221041865
827,1.0,0.7779899162149267,-0.0411636265460462
828,1.0,0.9511894703662037,0.12637016847463603
829,2.0,-1.2469364039936885,-1.2226418509599895
830,0.0,0.9555850322908859,1.2547116217633436
831,2.0,-1.2904466491641216,-1.258873804304198
832,2.0,-1.4087002743980175,-1.1684916849220743
833,0.0,0.6276422149658153,1.1528720671122918
834,2.0,-1.4608429692769587,-1.413217427811077
835,0.0,0.9371871646074911,1.217138146407164
836,0.0,0.6465458612282444,0.9436031953570154
837,1.0,0.8365946658254172,0.2323459691303589
838,1.0,0.6794277853309032,0.2662863905206948
839,0.0,0.6771310723247613,1.303518886195779
840,2.0,-1.3997596046818912,-1.1405801107653457
841,1.0,0.42990155099844624,-0.127047272088699
842,2.0,-1.660260195663481,-1.1528851001534515
843,2.0,-1.4385471186804175,-1.3497718842930582
844,0.0,0.632567755555456,1.0878993429511308
845,0.0,0.7390168467417809,1.0379745712202404
846,1.0,0.7799460687819885,0.0808807982474333
847,0.0,0.5195181957921547,1.1145827373812562
848,2.0,-1.5631337544646347,-1.2252581520581276
849,1.0,0.7757067230949094,-0.0242742666711831
850,1.0,0.6329287458366957,-0.18164703070885188
851,0.0,0.8006780301497477,1.4653370737006615
852,1.0,0.725627528978191,0.27551816633689075
853,2.0,-1.4876990422117509,-1.409953163935237
854,0.0,0.3504103156017855,1.0175062796569405
855,0.0,0.8890736171503916,1.3010249809719348
856,1.0,0.5392841965428062,-0.051826104959780045
857,0.0,1.106036230235186,1.1487946652753376
858,2.0,-1.4876781301561905,-1.3082863522711077
859,2.0,-1.3177857735161471,-1.2859720580540417
860,0.0,0.6809607257202295,0.9571775397159917
861,1.0,0.7411991012175815,-0.05104720846790513
862,1.0,0.4918908541677228,0.06974517102969331
863,0.0,0.5360634720942301,1.362647754836619
864,0.0,1.0636732768578245,1.1597925468351178
865,0.0,0.9191355114001218,1.0633502038726588
866,1.0,0.5792688074147443,0.1206706545741349
867,2.0,-1.3140968792485952,-1.32723202502744
868,2.0,-1.3769052891655116,-1.2319842652500061
869,1.0,0.5828098722693285,0.036792366499349416
870,2.0,-1.3315545547992376,-1.3367592939225093
871,2.0,-1.591916804510958,-1.3397197946029458
872,1.0,0.7248713253916604,-0.09009545681589927
873,0.0,0.6299440859553506,1.208217389239547
874,0.0,0.8602548845879757,1.3123609309566264
875,1.0,0.984294292675506,0.14208592266023165
876,1.0,0.8753157123516891,0.2437962193570295
877,2.0,-1.3374692583647285,-1.3223326901063246
878,2.0,-1.5142362887299063,-1.1070227299445698
879,2.0,-1.586375057886864,-1.244839087300073
880,0.0,0.7486749305129501,1.1369553837157007
881,1.0,0.9216962021183127,-0.1071997677473339
882,2.0,-1.4190974496486193,-1.2259733149328202
883,1.0,0.641907511428461,0.18259475184952242
884,0.0,0.8700750638234142,1.1359315662927116
885,2.0,-1.2784485656292743,-1.3765393937233188
886,2.0,-1.2403451254043858,-1.125148864781134
887,2.0,-1.1807194866171598,-1.3030210104465119
888,1.0,0.637055162219562,0.05896708148819451
889,2.0,-1.2542593199467158,-1.2503763067106102
890,1.0,0.6261386117700246,-0.018636073915966837
891,2.0,-1.4018214066053702,-1.3336490776333876
892,2.0,-1.4714995963944753,-1.3649384922863066
893,2.0,-1.7334015659626225,-1.309871966893622
894,2.0,-1.4739030103306934,-0.9762805641436247
895,1.0,0.7982456262252299,0.17948495702394668
896,2.0,-1.56529309233339,-1.4658008550511181
897,1.0,0.6753585009552858,-0.14062211052122256
898,2.0,-1.2590680436298662,-1.5491323890978035
899,1.0,0.6684047057452902,0.047934518464448815
900,0.0,0.8323277326477624,1.2636471415787294
901,1.0,0.6843882343505033,-0.0006587542119284804
902,2.0,-1.1809268957175298,-1.3501195902153902
903,1.0,0.6244003431353655,0.00848903340199058
904,2.0,-1.590954180105611,-1.3044641862401714
905,1.0,0.6857649896878532,0.3254716717455902
906,2.0,-1.5017235239679743,-0.9231528387575024
907,1.0,0.6743150234863267,0.2017478833340147
908,1.0,0.6097745191858768,0.1979240817719469
909,1.0,0.5665429267884649,0.09199863987116307
910,0.0,0.965591335477274,1.067686303401647
911,0.0,0.7900443693728325,1.203463185957011
912,2.0,-1.3185365887471683,-1.1466545290610053
913,2.0,-1.7389344088330747,-0.9326801687832849
914,2.0,-0.9711399227237647,-1.0736250378534509
915,0.0,0.7443662494638598,1.1916281398584019
916,0.0,0.7198735461035372,1.1418302187268465
917,2.0,-1.5133513216198355,-1.3329412746627487
918,1.0,0.7366140664780557,-0.011186078088223054
919,2.0,-1.241757069395567,-1.3586428168431437
920,2.0,-1.5213936906298202,-1.086519629546857
921,1.0,0.9030170542254755,-0.06124589596351435
922,2.0,-1.6867895348595363,-1.2463575545837624
923,0.0,0.47209940581077753,1.2269244048902794
924,0.0,0.6684415648650804,1.3696161364875525
925,0.0,0.3947954502738744,0.9439131074248587
926,1.0,0.9300301978292297,0.016149537378334203
927,1.0,0.8935350746681879,0.11083845501067358
928,0.0,0.8179740289325674,1.016501525844715
929,0.0,0.6900399285386493,1.1700919039008268
930,0.0,0.8543763532691196,1.163949873652043
931,2.0,-1.2840991340513626,-1.2528316613753518
932,1.0,0.48249695345743804,0.15173043050668059
933,2.0,-1.3414313750079867,-1.319668705843735
934,1.0,0.5428686847787529,0.15737774697581608
935,1.0,0.6439770317994757,0.04283209844053542
936,1.0,0.8596837523387245,0.07491769167878293
937,1.0,0.6427249349432782,-0.1373967555556181
938,1.0,0.46060313162236644,-0.02017049968960055
939,2.0,-1.2977922515017655,-1.1398584094791977
940,1.0,0.6313646971454809,0.0016918848662239607
941,1.0,0.782986625167809,0.13672585167427156
942,0.0,0.6892230510479473,1.1083782011991319
943,2.0,-1.4300844071047556,-1.2066339128150718
944,0.0,0.5560712759086223,1.0487335468554297
945,0.0,0.4350021029079101,1.206006394583015
946,2.0,-1.3763576225758487,-1.4470265913272404
947,0.0,0.7836691410046114,1.1587297226825732
948,0.0,0.4464037239687777,1.14167856971107
949,0.0,0.7338144245818413,1.2231569721838693
950,1.0,0.6843127002390516,0.07270677431624471
951,0.0,1.1356134098330122,1.0716691331696397
952,0.0,0.7012965531801999,1.1856553123931874
953,0.0,0.7703540790587279,1.165811364525999
954,2.0,-1.435811026525653,-1.4424143343656766
955,0.0,0.5909227446533588,1.122873454534185
956,0.0,0.9283998008713539,1.1862102718884022
957,1.0,0.5386497091006479,0.2391102193044311
958,0.0,0.619024919566825,1.2630431075443898
959,0.0,0.47827623790918106,1.0244645652256028
960,2.0,-1.4991690086605014,-1.1827956570778435
961,0.0,0.4653231980870395,1.2863379491711262
962,2.0,-1.4020471401463446,-1.2866540322747
963,2.0,-1.4348526461757927,-1.1852788221533217
964,1.0,0.557208614423086,-0.08701364366008284
965,2.0,-1.596699334889066,-1.3750687362811198
966,1.0,0.7111056886553999,0.10834434803320052
967,1.0,1.2244939289190069,0.11856126233796557
968,0.0,0.7314268028909692,1.1970679451500188
969,0.0,0.7969167256171632,0.8922172030821991
970,2.0,-1.3885605198250943,-1.174003240586141
971,0.0,0.7895711960241304,1.1028860593873648
972,2.0,-1.5689438721277402,-1.2799335125130966
973,1.0,0.7079242042001147,0.06480508442845727
974,0.0,0.9346343791081662,1.2836170929944668
975,0.0,0.7221031822328735,1.3490892956380138
976,0.0,0.9255387490705123,1.195914508612063
977,0.0,0.747813663839218,1.0890649301568902
978,1.0,0.8092457095141844,-0.021648010959550563
979,2.0,-1.242547231892394,-1.3178435712138907
980,2.0,-1.4849357617045666,-1.2424032214004952
981,2.0,-1.3523500977804812,-1.0994637269317076
982,2.0,-1.4490866697134241,-1.155434002221845
983,2.0,-1.2863455449591477,-1.2237715451750597
984,2.0,-1.2741382648434185,-1.2617291181946315
985,2.0,-1.5260634050625568,-1.3853503407238879
986,1.0,0.37448875799534986,-0.032435930321423986
987,1.0,0.722685746083973,0.18612221515378108
988,2.0,-1.2670118745522674,-1.2089745024459975
989,1.0,0.5105908462685254,-0.0005567019390623366
990,1.0,1.0124110023289012,0.09199211911637126
991,1.0,0.7662574214601213,0.19878174532630485
992,2.0,-1.6528365243252658,-1.171921245056911
993,1.0,0.6288898880736018,-0.18313888404855655
994,0.0,0.6603549008686805,1.0094958507649603
995,1.0,0.9827001922563134,-0.08250528490802919
996,1.0,0.38974993916209927,-0.05830539579504312
997,2.0,-1.3252545335576964,-1.3128602621208605
998,0.0,0.7654842827411006,1.0951411877365904
999,2.0,-1.4252516920936427,-1.3355392696520911
1000,1.0,0.4105490460809771,-0.08869723745808565
1001,2.0,-1.294380202119268,-1.46956947797113
1002,1.0,0.4500827087584769,-0.04727829185320012
1003,0.0,0.9533310539770109,1.2258040918794457
1004,0.0,0.7300538163763987,1.0248703200946132
1005,0.0,0.5840849680684866,1.2142363392855737
1006,0.0,0.4905830212182352,1.1569973185943292
1007,1.0,0.7841906640807453,-0.15759013858025317
1008,0.0,0.916683669319332,1.122537058372993
1009,1.0,0.5714298176077208,0.10756477558991426
1010,1.0,0.5987058736236158,0.12121956944091544
1011,0.0,0.6141719666588102,1.0710772769860941
1012,2.0,-1.5061688594914615,-1.5065014252190914
1013,1.0,0.6328720488933628,0.09132272782590739
1014,2.0,-1.2330266881887841,-1.382885316442421
1015,2.0,-1.476414933491569,-1.1705014811536396
1016,1.0,0.8998202081376488,0.23556892993021672
1017,0.0,1.0302146622563413,1.1116840895689797
1018,1.0,0.863986673485155,0.0666472495380493
1019,1.0,0.7228246779359904,-0.01437100194006914
1020,2.0,-1.5061726866709912,-1.0902220950353043
1021,1.0,0.8453228105108664,0.2587730093200592
1022,1.0,0.8039223672802729,-0.10220877382160963
1023,1.0,0.7486714661349446,0.23105478069876165
1024,0.0,0.7003468673710268,1.1401236914597694
1025,2.0,-1.3410761999095033,-1.099821594664321
1026,2.0,-1.1134054782829483,-1.2711406164746495
1027,1.0,0.7483027980089052,-0.17355410673226393
1028,1.0,0.6297771253879806,-0.1494169116593632
1029,0.0,0.6398259986511307,1.0360142233198537
1030,0.0,0.7574005387394408,1.145568532630316
1031,1.0,0.46652438564280496,0.08015000354604691
1032,2.0,-1.6155045477212049,-1.2682715249650178
1033,1.0,0.881324952735107,0.14919050367321995
1034,1.0,0.841021595109408,0.15343523014933594
1035,2.0,-1.3580953360013994,-1.0870540098418322
1036,0.0,0.7701860164252646,1.4300081779632607
1037,0.0,0.7443338358244871,1.3078292099797353
1038,0.0,0.914672320806472,1.341746932770463
1039,2.0,-1.649545858722358,-1.3332155115063977
1040,0.0,0.7735805872814048,1.1298220759911182
1041,1.0,0.4518781210991417,0.2286067919684308
1042,1.0,0.7887563381355334,0.02261043854422076
1043,0.0,0.45502353482052643,1.1106550953596621
1044,0.0,0.7157830061926604,1.2145933244404847
1045,1.0,0.360100935453782,0.24448827853779884
1046,1.0,0.8093559388703188,0.0382594116790912
1047,2.0,-1.4053983753352501,-1.271848201219231
1048,2.0,-1.4673511319853172,-1.2475902743286924
1049,0.0,0.7061766978725261,1.190064052704551
1050,1.0,0.4387726861847461,0.04102332373556804
1051,1.0,0.5180507174675206,0.30038918415192895
1052,2.0,-1.248347684038406,-1.217752159740324
1053,1.0,1.0481772919555858,0.13798950408005017
1054,1.0,0.8883467750216885,-0.049278828770778785
1055,2.0,-1.5129746502748491,-1.0867253511097286
1056,1.0,0.6796363604937811,0.34982186454951997
1057,2.0,-1.5137130974653576,-1.4764909774303048
1058,0.0,0.668032572821316,1.2299438463961148
1059,1.0,0.6606810654223507,-0.040752952556742925
1060,2.0,-1.46990707159116,-1.1622025826013598
1061,2.0,-1.4712554503010784,-1.137070224993553
1062,0.0,0.5291337399846463,1.4283780852191776
1063,1.0,0.640008408367011,0.2889814333191596
1064,1.0,0.6220072956870588,0.16022319710156763
1065,1.0,0.7111622464437933,0.11518354485686247
1066,0.0,0.5832142754796588,1.4150329535176314
1067,0.0,0.8361942869362575,1.0816393275253091
1068,0.0,0.638084094753994,1.1114089640720948
1069,0.0,0.8673495336960966,1.2245480395445556
1070,2.0,-1.453138919008842,-1.2023731135420703
1071,0.0,0.5480159363309705,1.1778359218748216
1072,1.0,0.7045930612363268,0.03129968026537932
1073,0.0,0.6354947471673077,1.1433060166425377
1074,1.0,0.8009522687766386,0.09803243197376599
1075,2.0,-1.3631208791353653,-0.9243292937992477
1076,1.0,0.7490343552808446,0.14540577186463474
1077,2.0,-1.658455699653029,-1.2890241720569922
1078,1.0,0.7868877971848303,0.2945305524524631
1079,2.0,-1.3654729104080814,-1.1146764699390086
1080,0.0,0.8418834142150224,1.2779171668491485
1081,2.0,-1.5491560402220002,-1.3451778609084393
1082,1.0,0.84192262580103,0.006811621759750042
1083,1.0,0.7760177342592984,-0.043715091495537685
1084,2.0,-1.5889042842678465,-1.2491775337573803
1085,2.0,-1.2728319910940014,-1.2060986225088384
1086,0.0,0.7159192432182344,0.9762328311051413
1087,0.0,0.5360309718848801,1.0479136429607254
1088,1.0,0.7001469500170513,0.05230710558720995
1089,2.0,-1.3230711639071042,-1.166740613759575
1090,1.0,0.423136797657948,0.10029175988726001
1091,2.0,-1.3394145386664704,-1.111743939213554
1092,2.0,-1.4633339139473023,-1.2939063979962704
1093,2.0,-1.3917863784110478,-1.19441705908039
1094,0.0,0.6419829775328046,1.2189535102319216
1095,2.0,-1.5217512457087192,-1.4107423879776986
1096,0.0,0.4762236445406487,0.8093035938662787
1097,1.0,0.6221932539397332,0.30961250772614457
1098,0.0,0.5519391693426674,1.101595929615852
1099,1.0,0.6699744621201053,0.10893831278049891
1100,1.0,0.718871478056603,0.0032981920726561594
1101,1.0,0.6452078606077021,-0.21141955097740514
1102,0.0,0.9667766389606409,1.2533200577671813
1103,0.0,0.9241330031085204,1.0900115169973779
1104,1.0,1.1810110060084806,-0.0020693718950075568
1105,1.0,0.5433672841157628,0.23923641797696396
1106,0.0,0.6100032162215805,1.3873320458670488
1107,2.0,-1.2463373270776772,-1.1939028225926005
1108,1.0,0.6527501193729722,0.09956529093078512
1109,0.0,0.7651988025692539,1.1479769095127745
1110,2.0,-1.486297893767717,-0.9714880351256702
1111,2.0,-1.6420359250256114,-1.492163458807997
1112,0.0,0.8412206712726445,1.1373880964362735
1113,1.0,0.5990860752621041,0.025149569343010818
1114,2.0,-1.363161834694381,-1.2937995119145358
1115,1.0,0.8841248705705341,0.010892500814728768
1116,1.0,0.9562877403554867,0.05023612916067932
1117,2.0,-1.1895154815428552,-1.235419453613783
1118,1.0,0.6444985493485655,0.39929285192562863
1119,1.0,0.6164279527660871,0.06306368177853613
1120,2.0,-1.244806830255571,-1.3497987909585967
1121,1.0,0.7559604798988407,-0.17860040697340718
1122,0.0,0.8680142358575801,1.1415557810017216
1123,0.0,0.5044665379968165,1.1643209260616179
1124,0.0,0.7058968350480516,1.1579342512886852
1125,2.0,-1.571407767495123,-1.196170872875439
1126,0.0,1.1199695921899342,1.2341365922646563
1127,2.0,-1.3744926846396317,-1.1268029272303302
1128,0.0,0.7524298717619506,1.0643036944121678
1129,0.0,0.9311820701378172,1.0931663651389887
1130,2.0,-1.3404393259185692,-1.14799925796843
1131,0.0,0.7525386591113139,1.1901323885461377
1132,0.0,0.6204495574307295,1.1951637916216833
1133,2.0,-1.2903405965138595,-1.267629358834391
1134,2.0,-1.3681295641970224,-1.1671438682248276
1135,1.0,0.7786819159394891,-0.008482875196554619
1136,1.0,0.7178946528204084,0.04086365020539095
1137,1.0,0.3486107621406498,0.08538665487900195
1138,2.0,-1.2623131763809012,-1.363296425946818
1139,0.0,0.7129283866341521,1.120445758605843
1140,0.0,0.3801855129358433,1.2649883246595237
1141,1.0,0.5915384334061436,-0.06184169130760975
1142,2.0,-1.560607300409598,-1.297493219382174
1143,2.0,-1.3691711649378562,-1.285448432315858
1144,2.0,-1.4769814656439384,-1.0818686676870661
1145,1.0,0.7622594000646074,-0.12036431358503583
1146,0.0,1.169453534385457,1.215019348936539
1147,2.0,-1.3120287456789308,-1.2018836404180622
1148,1.0,0.9510787541854695,-0.015403043611202753
1149,1.0,0.7411947878682164,0.25865021376066777
1150,1.0,0.7919350041654307,0.07448474534582765
1151,2.0,-1.4440192638988385,-1.2471680979191875
1152,2.0,-1.4281713718188593,-1.4183187738115488
1153,1.0,0.770115198008054,-0.025771536229057302
1154,2.0,-1.4141901664961392,-1.3023268431177426
1155,1.0,0.6808170959843011,0.009584340468232998
1156,2.0,-1.3697423693943271,-0.9749178807125694
1157,0.0,0.6849800283111958,1.262199919976113
1158,0.0,0.5442031599829805,1.399760260386355
1159,1.0,0.723382708394982,0.0594323825733605
1160,1.0,0.4808343262697977,0.036627367246940865
1161,2.0,-1.2956049475454152,-1.3383383663085908
1162,0.0,0.5897894870291513,1.2028055694285855
1163,0.0,0.6649446849178463,0.997092149681206
1164,1.0,0.9457475386340999,0.09336210495673582
1165,2.0,-1.2241713077875762,-1.2669456428157353
1166,2.0,-1.5990135361308377,-1.261582006772968
1167,0.0,0.7000922195742694,1.195528953705963
1168,0.0,0.7594951134632594,1.532744776095208
1169,0.0,0.7247789856416945,1.0937553944110936
1170,2.0,-1.6367649159540782,-1.1321142002164566
1171,0.0,0.6779301794873515,1.4148521437354125
1172,2.0,-1.5273223357897625,-1.0643581549822283
1173,1.0,0.4556228993158638,0.136620542819445
1174,0.0,0.8899134299180498,1.0556001661295067
1175,2.0,-1.565175237874763,-1.3405263863503871
1176,2.0,-1.6679327743600996,-1.2360541673636392
1177,1.0,0.7382562767347183,-0.017846685163904762
1178,0.0,0.7967659479453941,1.2359213566191887
1179,0.0,0.6725151492930479,1.2204552932270805
1180,2.0,-1.4184586720082646,-1.2822849196081574
1181,1.0,0.6731983668990759,-0.08603678287851951
1182,2.0,-0.9982390525781726,-1.3464920349923022
1183,0.0,0.7785264465978219,1.2675639116518977
1184,2.0,-1.4486744959005071,-1.1661569545835033
1185,2.0,-1.5256787680263928,-1.195755340124515
1186,0.0,0.5914596420486549,1.141584910294309
1187,2.0,-1.1880325293563545,-1.4360308734217189
1188,0.0,0.8713829272966794,0.9700263043367001
1189,1.0,0.6350422958285571,-0.05628995799734493
1190,0.0,0.6591227309216601,1.0726557936388132
1191,0.0,0.5763575374179724,1.3463605105594683
1192,0.0,0.534082679380805,1.1195781824202393
1193,2.0,-1.2555407699507952,-1.3208774769334863
1194,0.0,0.8215451641495984,1.1602104596312819
1195,2.0,-1.3017450012401515,-1.2902958429686227
1196,2.0,-1.484206455251356,-1.12044494496089
1197,1.0,0.5055702607138911,0.2016047491135928
1198,2.0,-1.7301426402406808,-1.3465471337862684
1199,2.0,-1.1542824656988766,-1.3208579646131526
1200,1.0,0.5873788162534836,-0.02617067686707119
1201,0.0,0.8514127637301384,1.0988153039695692
1202,1.0,0.7043055068023899,-0.031052976242303555
1203,2.0,-1.3248180932602742,-1.0979156731998452
1204,2.0,-1.5133906619196407,-1.2771016500422183
1205,0.0,0.6025785761995551,1.2683284792974157
1206,1.0,0.4192622397498642,0.17698673553392044
1207,2.0,-1.5857395245468882,-1.105654636392297
1208,2.0,-1.27848276933142,-1.2200920277606662
1209,1.0,0.894917497930736,0.016224598494535926
1210,1.0,0.8700926224751542,0.25296974721698606
1211,0.0,0.8422882704041432,1.0863958824249158
1212,0.0,0.8799311641139379,1.0508675079753793
1213,0.0,0.8213739462542848,1.4989715449032868
1214,0.0,0.4928465633131041,1.3215310805543228
1215,2.0,-1.2479954217139941,-1.17733890127009
1216,2.0,-1.65645694898474,-1.1443665271165384
1217,0.0,0.7446596327217527,1.1372554087486635
1218,1.0,0.6356433646660167,-0.07843777092134478
1219,2.0,-1.1969165982952543,-1.0076231541090146
1220,0.0,0.305576638583737,1.2561213284650086
1221,0.0,0.94255838038707,1.046277123987807
1222,0.0,0.7446811825303503,1.1811772969789593
1223,1.0,0.6761973041300702,0.3333652338584813
1224,0.0,0.6378709512312676,1.2109594998875386
1225,2.0,-1.1333113455131318,-1.4155087507849324
1226,1.0,0.9075913089356702,0.3040131447679808
1227,1.0,0.5327655649280184,0.13696603696719534
1228,0.0,0.8365291829390691,0.9551258208067351
1229,2.0,-1.1141764192633066,-1.345703340988034
1230,0.0,0.43018074508755594,1.3193221900886432
1231,0.0,0.629060633344917,0.9251703867567183
1232,0.0,0.7153292683568717,1.090426155657653
1233,0.0,0.4830093356908746,1.0312589320429206
1234,2.0,-1.4201523181465066,-1.0919893878681088
1235,2.0,-1.4382725461535228,-1.270044679305484
1236,2.0,-1.4049152277828447,-1.3221407153100408
1237,2.0,-1.3103549100047964,-1.167600562047458
1238,0.0,0.49819613640958077,1.2221365521902847
1239,0.0,0.6202162815272182,1.0887383910925619
1240,2.0,-1.0091522640803425,-1.0887372957249308
1241,0.0,0.6907747872725158,1.188314398820868
1242,2.0,-1.3178008347971522,-1.4254756600745142
1243,2.0,-1.60603777545654,-1.3675563190949998
1244,2.0,-1.4700788648281535,-1.21199929394196
1245,2.0,-1.5077395606530697,-1.3383677058312637
1246,1.0,0.600690555103881,0.16488144193033236
1247,1.0,0.6551449918963106,0.023734834138948085
1248,1.0,0.6290113961966622,0.23276176847345123
1249,2.0,-1.6615055992032353,-1.2479661868948158
1250,0.0,0.46432053988237115,1.1767661490944923
1251,2.0,-1.363558972902514,-1.172156048052359
1252,2.0,-1.3164328173284554,-1.1331128577059595
1253,2.0,-1.6760768454319002,-1.394509500490961
1254,1.0,0.7551750578503489,0.23784558106238338
1255,2.0,-1.349911576805944,-1.4145408167533657
1256,1.0,0.47510187762812567,-0.033907791952932455
1257,2.0,-1.4929742895298583,-1.1230132206579133
1258,0.0,0.7911513434911014,1.417171704973768
1259,0.0,0.5679416482930143,0.9965344935252539
1260,0.0,0.5798279973184198,1.2018364750597783
1261,0.0,0.8330718244731561,1.2702927131950885
1262,1.0,0.7614420257457113,0.15749987629435624
1263,2.0,-1.5253279553586283,-1.362770053158887
1264,0.0,0.7101503710787794,0.9650205984451714
1265,0.0,0.6570519509349388,1.1487207197586111
1266,0.0,0.6692217290473733,1.1438545871519283
1267,0.0,0.6755622128586468,1.2363711145092247
1268,1.0,0.6067143707484408,-0.09958757144882519
1269,1.0,0.6842946282298892,0.02391941810691052
1270,2.0,-1.5556849182520809,-1.2558510026962175
1271,1.0,0.7367022700330232,0.11450621116152342
1272,0.0,0.6962879475314254,1.1008671403371897
1273,2.0,-1.6063746647290893,-1.187996287055194
1274,2.0,-1.077638989845633,-1.3439947282607112
1275,2.0,-1.2048882614451588,-1.3460620838644197
1276,1.0,0.6223431133380892,0.06933076880844698
1277,0.0,0.517248516833623,1.1347823986171788
1278,2.0,-1.3273347699254545,-0.9390269186497442
1279,1.0,0.7078572881654248,-0.10369351058093484
1280,0.0,0.6923547792454665,1.2116555184625604
1281,1.0,0.4998380160321706,0.28594181734194635
1282,0.0,0.3422553297340821,1.1124922094656817
1283,0.0,0.5452662131197398,1.2086680027358334
1284,2.0,-1.1747038316199614,-1.0615686349162743
1285,1.0,0.8573259733566705,0.18232078859931217
1286,0.0,0.8125879365359355,1.1671798431093177
1287,0.0,0.5170625577949368,1.0838781411703486
1288,0.0,1.2023395262269725,0.98426722038044
1289,2.0,-1.1847385679118365,-1.2421670950442278
1290,2.0,-1.5305158418108447,-1.1778991279222637
1291,1.0,0.5369174767581635,-0.13927461736663593
1292,1.0,0.830085685627643,-0.008878342900510762
1293,2.0,-1.2548496803122657,-1.4121117223469193
1294,1.0,0.8474070781726236,0.07839845007195682
1295,0.0,0.6040372361702678,1.1490523612233148
1296,1.0,0.7105597754742484,-0.02108499064367851
1297,0.0,0.48025193197136246,1.2010979051510167
1298,0.0,0.9038800143647109,1.3327497171051124
1299,0.0,0.6485995778124404,1.017287376793646
1300,1.0,0.6013484828246901,0.15462205915086338
1301,2.0,-1.3631308303004193,-1.2039502172745002
1302,1.0,0.7705407821273682,0.011385082933405677
1303,1.0,0.6802968492936292,0.13402500150300556
1304,2.0,-1.511310881474146,-1.3470263065700612
1305,0.0,0.6931054720570244,1.459215637912237
1306,0.0,0.922170120261643,1.0526631208920547
1307,2.0,-1.5170661706461475,-1.3967466871864833
1308,0.0,0.6509229038459743,1.214671620630425
1309,2.0,-1.8874186083778073,-1.268916678216138
1310,2.0,-1.357015879004598,-0.9445262528235961
1311,0.0,0.9136336592793783,1.1587793826612527
1312,0.0,0.4464489059035357,1.0258444889853857
1313,1.0,0.7297165732711091,0.08319669461324931
1314,2.0,-1.7430442694200716,-1.2988261953366353
1315,2.0,-1.3983058516030968,-1.1919934031000252
1316,2.0,-1.6038211819954242,-1.2173825027276912
1317,2.0,-1.4394203419704326,-1.4262889546539614
1318,1.0,0.584586150339319,-0.06030058304391389
1319,2.0,-1.6080786168908459,-1.3598692962974055
1320,0.0,0.11804063046532982,1.0077269182471815
1321,1.0,0.7053851360992061,0.15869180214526515
1322,1.0,0.7581100083354694,0.2653495480486697
1323,0.0,0.506172132169507,1.0857717463131777
1324,1.0,0.6484215731934483,0.043108644754900886
1325,2.0,-1.3818057671523591,-1.3435499805746631
1326,1.0,0.5992411958175338,0.18061960181769565
1327,1.0,0.48615869572680726,0.08442034617599159
1328,0.0,0.6427367212708626,1.1750675344907373
1329,2.0,-1.1055213107311346,-1.206583963277871
1330,2.0,-1.3831990256843991,-1.3108436684742018
1331,1.0,0.7848996230853856,0.18585262226574045
1332,0.0,0.8029604096010804,1.1913561800767152
1333,0.0,0.6984568268839025,1.1724494543406947
1334,0.0,0.941526556412841,1.2582546630876006
1335,2.0,-1.5472378853570892,-1.1160782688642092
1336,2.0,-1.5204099724578117,-1.3017669299204333
1337,1.0,0.750652184195213,0.10370916797985816
1338,2.0,-1.5516360445434536,-1.2612571048676438
1339,1.0,0.7437857991130238,0.26223983223548514
1340,1.0,0.2649203250810594,0.10293257886350984
1341,2.0,-1.3206084823268396,-0.8178649118246248
1342,1.0,0.616395653400318,-0.09820994309069676
1343,2.0,-1.4939248030289471,-1.3873176220532144
1344,1.0,0.9464303844242693,0.13616869875964854
1345,1.0,0.7293334788573654,0.19103202358705473
1346,0.0,0.9491788300143106,1.0418531195649265
1347,1.0,0.40780426380583257,0.1166561152433342
1348,0.0,0.5375492379131387,1.1963422104269528
1349,2.0,-1.1051416699739345,-1.5259123663147838
1350,2.0,-1.2213411426002863,-1.180812647568134
1351,1.0,0.8802391620031205,0.23791124187775423
1352,0.0,0.916214081727434,0.9570359117144832
1353,1.0,0.6659197070448547,0.1080493943858929
1354,0.0,0.6040017006025399,1.0585990481980112
1355,1.0,0.8491583859740707,0.2566840671519331
1356,0.0,0.694541019880328,1.2020047172068888
1357,2.0,-1.2706015438281293,-1.337255913951636
1358,0.0,0.3058162819441179,1.3024266390557397
1359,1.0,0.5276675550308101,0.17588300353138864
1360,2.0,-1.239238777473487,-1.0426754615421
1361,1.0,0.6891208551160773,0.19920816988188636
1362,2.0,-1.399469944076139,-1.2756829844460702
1363,2.0,-1.0187392209966335,-1.168598126804227
1364,1.0,0.7251053172535158,0.013681543515738751
1365,0.0,0.5940018989641701,1.0966181213860635
1366,0.0,0.6911054882258828,0.8616508490838698
1367,1.0,0.7848245814237904,0.07578028473877292
1368,0.0,0.4104352896142883,1.1076883951422887
1369,2.0,-1.509726767166765,-1.1170819584207172
1370,0.0,0.5185707536922485,1.3546578242958103
1371,0.0,0.5497242421217875,1.0818189326629821
1372,1.0,0.6475470642611048,0.44669131324624173
1373,1.0,0.6895617551729941,0.0008202635651870538
1374,0.0,0.8925613284621773,1.1484318824097097
1375,1.0,0.7296712777148011,-0.043408076637920484
1376,1.0,0.5828178870635313,0.14073999740653276
1377,0.0,1.0362633376256452,1.1760336167228276
1378,0.0,0.7906499988530832,1.389671323583432
1379,0.0,0.8949831580376717,1.1969645072174193
1380,0.0,0.6959404824929368,1.369528971199624
1381,2.0,-1.2074156232445739,-1.2565479444423115
1382,0.0,0.7392660592306688,1.121378299846075
1383,2.0,-1.608036083570084,-1.3320572796493677
1384,2.0,-1.1583061680635507,-1.389548525353304
1385,1.0,0.7418894476498002,0.00431767152439154
1386,0.0,0.489136830043922,1.1474165484657266
1387,2.0,-1.496992063808644,-1.342283186845391
1388,1.0,0.5400180262168067,0.1486305112285076
1389,0.0,0.6832485977545835,1.0580008973497437
1390,2.0,-0.9724104576722103,-1.2952321011819419
1391,2.0,-1.4242106914416839,-1.3943146508618491
1392,1.0,0.38821948657274663,-0.04457203167037995
1393,0.0,0.7367968809300859,1.027096354378527
1394,2.0,-1.390068105601638,-1.190000012895254
1395,0.0,0.9227639497990243,1.3418909204382363
1396,0.0,0.6691036055411022,1.0738262850843445
1397,1.0,0.9529923497147442,0.05305208875879257
1398,0.0,0.45452810134655025,1.0579778979646504
1399,0.0,0.7273917294686016,1.386199840018706
1400,1.0,0.6301632617128186,-0.16554736868256376
1401,0.0,1.08539608597334,0.9060422870435679
1402,1.0,0.7235434568881334,0.118412539040967
1403,0.0,0.6479303716691354,1.1067726221579992
1404,1.0,0.6686625452841093,-0.06238120684059346
1405,1.0,0.60842552943719,-0.023838003702452606
1406,1.0,0.5222273996334484,-0.017409316711333698
1407,0.0,0.672765066198935,1.3487952544239241
1408,2.0,-1.4223503142449514,-1.5197840200049089
1409,0.0,0.796832682724048,1.3534086079522698
1410,2.0,-1.5297722931667783,-1.3654271379212986
1411,0.0,0.7173934975652846,1.1614065104542959
1412,0.0,0.6929301172903659,1.0691713733710029
1413,0.0,0.49388061929567023,1.242165762618559
1414,0.0,0.5017241791689873,1.449814740958034
1415,0.0,0.4919480859400676,1.306931013118868
1416,0.0,0.6009957113510574,1.2839930668553505
1417,1.0,0.8989178461189783,0.25368034205677464
1418,0.0,0.8094357550068781,1.2330047266503967
1419,2.0,-1.4125459497075015,-1.0633754011244014
1420,2.0,-1.4558289513887992,-1.4137611217923851
1421,1.0,0.7798234642741806,0.1163347358446759
1422,2.0,-1.5153813940958745,-1.3335977868852233
1423,1.0,0.9229323909938351,0.3117039857909061
1424,2.0,-1.3829823876960612,-1.4363838509583122
1425,2.0,-1.393825811739466,-1.1957954628818055
1426,1.0,0.9041361108071714,0.1297749727125938
1427,1.0,0.8547500191207807,0.15873796065987192
1428,2.0,-1.5126805938565104,-1.3100704494177
1429,2.0,-1.62219141861914,-1.3551488010079293
1430,2.0,-1.6379130749065773,-1.12466754163071
1431,1.0,0.6567853515813836,-0.07217187864561561
1432,0.0,0.48901292527472645,1.047567409543399
1433,1.0,0.4881032093540047,-0.046635763227064336
1434,2.0,-1.3437104761195495,-1.2903737029082825
1435,1.0,0.7514296266158549,-0.2625881348127628
1436,0.0,0.7490067258943183,1.2477847875913697
1437,1.0,0.9068512773368723,0.02008670271361522
1438,0.0,0.6401929400455567,1.2643941324197498
1439,1.0,1.0291373869022495,-0.031018126062420794
1440,1.0,0.6339936645037885,0.1322570397919921
1441,0.0,0.6584602870308998,1.1007831438344997
1442,1.0,0.8411340517341319,-0.06244772323710575
1443,2.0,-1.243291722203482,-1.1495922063344555
1444,2.0,-1.1613472501531188,-1.3016303363000856
1445,0.0,0.8981336447243676,1.2983437011493362
1446,1.0,1.0552690114639307,0.08353022391689258
1447,0.0,0.625690995795672,1.233641224348719
1448,0.0,0.6865751296816297,1.0617853435446194
1449,1.0,0.8124818905374707,-0.032192794054840254
1450,0.0,0.6840732559936642,1.1205073654188957
1451,0.0,0.32848879167496464,1.2410547290570966
1452,1.0,0.31152936922030094,0.1996645113426004
1453,2.0,-1.2958717037357494,-1.1525330396437865
1454,2.0,-1.513342422858058,-1.227097274198599
1455,2.0,-1.6222002128201918,-1.2397447833599398
1456,0.0,0.5026892178106759,0.9828633543893056
1457,2.0,-1.3025942482374424,-1.2328363030676772
1458,0.0,1.1614710258594005,1.2243013625802843
1459,0.0,0.9768230099592768,1.1764710767990716
1460,2.0,-1.4851068981351918,-1.1477634311659046
1461,1.0,0.486897520216556,-0.026095915100434228
1462,1.0,0.6410731467592836,0.1366665688928104
1463,0.0,0.7625492189381053,1.28268071748632
1464,0.0,0.9213568333896525,1.2942220538813658
1465,0.0,0.5072185314033708,1.4077709851812539
1466,0.0,0.7899279217681157,1.4115340446371656
1467,0.0,0.6064162594853936,1.3231466253843085
1468,2.0,-1.5940651016679344,-1.2409965127515856
1469,2.0,-1.3057160856711285,-1.2636021393685635
1470,2.0,-1.3283219761079983,-1.3577245685756927
1471,2.0,-1.5515204240092408,-1.3096649749751217
1472,2.0,-1.1547216896513408,-1.1845591211817268
1473,0.0,0.5395559153798537,1.1059525900866418
1474,0.0,0.7601841233427311,1.1078542309846429
1475,2.0,-1.419960126624244,-1.0738536153141465
1476,0.0,0.6779337056947117,1.2257183814732837
1477,2.0,-2.0118331004201355,-1.2457232920334225
1478,2.0,-1.253762734316493,-1.331543099009516
1479,0.0,0.5807284032464289,1.011808288771323
1480,2.0,-1.3870223852602324,-1.2695809179579574
1481,1.0,0.6884634239230556,0.10081567693154664
1482,0.0,0.605229886791696,1.1374390364669296
1483,0.0,0.8802445507863262,1.010455247048888
1484,0.0,0.8184229085634847,1.1851229257525988
1485,2.0,-1.6841569480399883,-1.0808177728905441
1486,0.0,0.7048224698982052,1.261966795916405
1487,0.0,0.6947830214506333,1.1201977094126438
1488,0.0,0.8190620653214297,1.320297729835335
1489,2.0,-1.412756322578365,-1.1421293140672788
1490,2.0,-1.4525368400052305,-1.2608960068752126
1491,1.0,0.7768119802456634,0.1595225442045882
1492,1.0,0.6480803484148304,0.10580992306097078
1493,0.0,0.8793502506959042,1.2016240576531192
1494,2.0,-1.421614430922493,-1.3538069453740607
1495,1.0,0.6323222577084321,-0.02935746775509723
1496,2.0,-1.4069751186896933,-1.2759266815710568
1497,2.0,-1.2063614152751154,-1.108706158161372
1498,0.0,0.6559715617038511,1.307018234971666
1499,0.0,0.7349259818758904,1.194506615326556
1500,1.0,0.7857584421277646,-0.07664766339963944
1501,0.0,0.4643885733793933,1.2394069110414245
1502,1.0,1.0991357194745752,0.07645533548740042
1503,2.0,-1.3321437537873622,-1.0828657475286076
1504,2.0,-1.4286615143700732,-1.3575918281845796
1505,1.0,0.3328933739215487,0.04589427368812231
1506,0.0,0.4156475957369709,1.2616082101468595
1507,0.0,0.6817645125027835,1.2258244997859211
1508,2.0,-1.484125765904955,-1.2712542436107592
1509,1.0,0.7461193645903864,-0.2656913938071464
1510,0.0,0.6138661339989154,1.0687384312520183
1511,1.0,0.9728156405847852,0.05377792338115375
1512,0.0,0.5681440212761312,0.9609665797556624
1513,1.0,0.8525348837855288,0.08120840274823549
1514,0.0,0.5816896271527291,1.2608552526380754
1515,1.0,0.5597813549181399,0.03616515805726796
1516,1.0,0.44795142176786673,-0.11082956021837735
1517,2.0,-1.5415150344236117,-1.4277220411840406
1518,2.0,-1.5283094553999865,-1.404592624241221
1519,1.0,0.42440905377781163,0.3458886755425606
1520,1.0,0.7484204977490826,-0.2047477714039981
1521,2.0,-1.8805177355839462,-1.1255995167205703
1522,2.0,-1.3778831776933669,-1.4970623567087582
1523,1.0,0.5857531812432296,-0.11647202971334758
1524,1.0,0.6580717505599594,-0.026403091111314406
1525,0.0,0.8225636646097932,0.9765947911771554
1526,2.0,-1.2143679934370677,-1.3855620450800101
1527,2.0,-1.5795348806993275,-1.2658175730965224
1528,1.0,0.910856975188233,-0.03352435892716275
1529,1.0,0.5770259240233551,-0.16335035952606203
1530,2.0,-1.5822553247432027,-1.1874502001331058
1531,1.0,0.9237804222081714,0.1945835941103948
1532,2.0,-1.450990481074628,-1.309300429647586
1533,0.0,0.6122378480670394,1.3118649541634322
1534,2.0,-1.3859374385644363,-1.202918007352351
1535,1.0,0.5756916047712681,-0.031988062658379654
1536,0.0,0.7468049496164895,1.059858595267209
1537,1.0,0.4082266524043976,0.21080187128600136
1538,0.0,0.6390832666838747,1.0678642675032626
1539,0.0,0.8798769776722749,1.0136595032057434
1540,2.0,-1.4330263440308293,-1.402483192783016
1541,0.0,0.7945429019238915,0.9860696472938199
1542,1.0,0.7646297109464733,0.09156153037760767
1543,1.0,0.5385520449539083,0.10428810422609493
1544,0.0,0.45635728340049564,1.3558468621720485
1545,2.0,-1.8558721297108325,-1.1294278956158796
1546,0.0,0.5137070105229641,1.1598681726462803
1547,1.0,0.5372121840409789,0.2502075419488988
1548,1.0,0.6365513901296402,0.15458424401694576
1549,2.0,-1.612217655861211,-1.3602365844517246
1550,0.0,0.6903009887678113,1.141040056345792
1551,0.0,0.7579146118820368,1.3190682294099543
1552,0.0,1.0675153969066609,1.2059272925000342
1553,0.0,0.7275384059035277,1.0827737548600602
1554,2.0,-1.3490879193755887,-1.3559161823668031
1555,2.0,-1.2834149351048452,-1.2652202735611644
1556,1.0,0.5408263095564841,-0.10246705585413661
1557,0.0,0.7635048082233866,1.2412466176460366
1558,1.0,0.9116305207265489,0.07756826793676586
1559,1.0,0.6921069065237021,-0.014738738142487716
1560,2.0,-1.3097695133751042,-1.092817893964616
1561,2.0,-1.4213726255400558,-1.1037886329549473
1562,2.0,-1.4045107853805796,-1.4743146105814537
1563,1.0,0.5720599564336626,0.2371902011546828
1564,2.0,-1.5902710872772927,-1.1444194854663288
1565,0.0,0.798278952371609,1.0847650626857328
1566,0.0,0.979836700759196,1.2935135001324465
1567,1.0,0.816224666813142,0.044030255001695814
1568,2.0,-1.5006543607698202,-1.389275318245861
1569,2.0,-1.4751238530248154,-1.2164108110546146
1570,0.0,0.48807858013643096,1.3777511420360269
1571,2.0,-1.1647646442522521,-1.2225863513766555
1572,0.0,0.7202805124763647,1.1682393843594567
1573,0.0,0.5317479814580925,1.2429606398829145
1574,2.0,-1.1936860480090814,-1.443650103391608
1575,0.0,0.6686198549856229,1.0746305899368003
1576,1.0,0.6790720565697856,-0.001774785520702676
1577,1.0,0.5808835234954934,0.042236553052138893
1578,2.0,-1.3316394940362155,-1.2833511328800615
1579,1.0,0.7116102410407238,0.16774926282257888
1580,0.0,0.8910750153787721,1.404805875191215
1581,1.0,0.8949816822523534,0.06772262251974115
1582,1.0,0.48135370293371693,0.2845991922800675
1583,1.0,0.6551577244542858,0.15868814959903113
1584,0.0,0.7552154814122526,1.320985226970306
1585,2.0,-1.5849429798445418,-1.340603612052396
1586,0.0,0.7496620698215534,0.9388603844109104
1587,2.0,-1.364159168211753,-1.604347769871151
1588,1.0,0.4904832292003155,0.2034444020093511
1589,2.0,-1.3126223317357262,-0.9713330287841514
1590,2.0,-1.3728700799753148,-1.3700486780416037
1591,1.0,0.6496858634629816,-0.10840452996814048
1592,2.0,-1.6103635841837576,-1.314877136653241
1593,1.0,0.5352603317410592,-0.07069658266343512
1594,2.0,-1.490054236263839,-1.3339192034861798
1595,1.0,0.6469312676868176,-0.09669496933112766
1596,2.0,-1.4263511478154967,-1.3129969387749054
1597,0.0,0.5748706327362086,1.3090900826555234
1598,0.0,0.6814566646044066,1.2735640767383751
1599,1.0,0.6654773685460886,-0.08903907826095135
1600,0.0,0.7259405506964666,1.1673078608013951
1601,1.0,0.6170759657113593,0.16123620231303848
1602,0.0,0.8192640606865551,1.144800546111695
1603,0.0,0.9442286033381472,0.9709199121662466
1604,1.0,0.5451635292401995,0.22348026515016017
1605,2.0,-1.4958367029551798,-1.3457801111330434
1606,0.0,0.3087362607521438,1.3120808326535789
1607,2.0,-1.2776105461933622,-1.321375700113749
1608,1.0,0.6958439788127603,0.2677077500751735
1609,0.0,0.8314408837973851,1.1312633551247926
1610,2.0,-1.5495054904788927,-1.276980660725671
1611,0.0,0.40724674786480686,1.0411049890340582
1612,1.0,0.8826194725601154,-0.007332653497305595
1613,0.0,0.654495522634297,1.1607521511445327
1614,0.0,0.8287850667279966,1.0306744059518247
1615,2.0,-1.5241327053411506,-1.167244217006596
1616,0.0,0.49413066632402125,1.211392417430163
1617,0.0,0.6937237387586501,1.0803111545391293
1618,0.0,1.0009840633836073,1.3183747307681861
1619,1.0,0.3762709959926863,0.060011743479091655
1620,0.0,1.0441613043722036,1.185442412035702
1621,2.0,-1.4043074551928998,-1.1387066726965043
1622,0.0,0.7229941342539304,1.119381107143385
1623,2.0,-1.533527272679561,-1.3399843861828895
1624,0.0,0.4646800388934704,1.0336023627380537
1625,2.0,-1.441449784448187,-1.2399569759090976
1626,0.0,0.7228892869503325,1.2548678227087442
1627,2.0,-1.4268956133962167,-1.2571049921235384
1628,1.0,0.8061944385405078,0.1067357557465187
1629,1.0,0.5450780063255574,-0.1351497269645453
1630,0.0,0.8612369845146863,1.017392397399328
1631,1.0,0.48797470688196426,0.28106921929739515
1632,2.0,-1.4279743261232487,-1.0936032344635895
1633,0.0,0.6978845640485871,1.1791857111700264
1634,2.0,-1.5212530635186032,-1.2851372491380582
1635,1.0,0.6759958598409996,0.15417247956388608
1636,1.0,0.7046565160932534,0.19079807394008008
1637,2.0,-1.4975086138444627,-1.2746243893562592
1638,2.0,-1.411169997594765,-1.087705618213217
1639,1.0,0.7119478918402,0.1722139159520197
1640,2.0,-1.3684425338077264,-1.1567152918255186
1641,1.0,0.9450911140745384,0.22407312315001598
1642,0.0,0.5736510180412506,1.4911820210349567
1643,0.0,0.9124082797845167,1.0422453816356445
1644,2.0,-1.2660391589949525,-1.058392010928349
1645,1.0,0.7361044043376378,0.06548828793680049
1646,0.0,0.6578947031165432,1.1441573417571511
1647,1.0,0.8122232027764155,0.15338704495132924
1648,1.0,0.8154219346709572,0.08047867378579067
1649,1.0,1.0855267146032945,0.2780208890822395
1650,2.0,-1.5764511791042204,-1.242726325892707
1651,1.0,0.9217065682130404,0.13144032089140864
1652,0.0,0.7319985421264732,1.314470858141876
1653,1.0,0.5986122092601388,0.09604273361627065
1654,0.0,0.6890416924803356,1.138849858414085
1655,2.0,-1.1919023780599145,-1.2815373670896084
1656,2.0,-1.3387244571585208,-1.2179531462419664
1657,0.0,0.5650092460704238,1.2294118354297483
1658,0.0,0.6500236510712852,1.2485926296364682
1659,2.0,-1.207803995919298,-1.2517641040173033
1660,2.0,-1.6447014939059723,-1.455418509999731
1661,0.0,0.6866578336916968,1.2851618842901973
1662,1.0,0.6199461482325177,0.15609110339988255
1663,2.0,-1.5426666907802122,-1.3914357834348683
1664,2.0,-1.2934034353840909,-1.0193012300274913
1665,1.0,0.7517915450528544,0.31078932323526404
1666,0.0,0.8636237815951389,1.2515428692654553
1667,1.0,0.5456554839395071,0.03554222977710789
1668,0.0,0.6566844977148947,1.2158736368438803
1669,2.0,-1.497412018442323,-1.2332988687438742
1670,0.0,0.8305411514141133,1.230935395158321
1671,2.0,-1.1224570705780004,-1.1412774907507623
1672,2.0,-1.3038149480540535,-1.477818566300508
1673,1.0,0.7543825314075528,0.17887654601624245
1674,0.0,1.0437780690732794,1.329412498081436
1675,0.0,0.7363325170739614,1.1230426788073735
1676,2.0,-1.422433728204265,-1.1366048928340808
1677,1.0,0.6753235446748116,0.03609598155503474
1678,0.0,0.789967850933715,1.1460298601121346
1679,2.0,-1.0438835169740153,-1.232934624034305
1680,1.0,0.6811116741990111,0.07621212472770302
1681,0.0,0.42803429004678895,1.0941645841002396
1682,0.0,0.769027259310428,1.3641549245065836
1683,1.0,1.1394710962351775,0.08947486205665839
1684,2.0,-1.531831957487222,-1.1679533717035906
1685,1.0,0.7343437424789443,0.02888891058145398
1686,1.0,0.6673877065102746,0.023268636377586128
1687,1.0,0.5677204176619551,-0.047538750012893996
1688,0.0,0.7199983656291156,1.3342244150320581
1689,0.0,0.41416632532107456,1.0965487041532767
1690,0.0,0.7088050415660884,0.9645471046916756
1691,2.0,-1.4573651277453346,-1.2719177390399785
1692,0.0,0.6042726270905786,1.140498445787893
1693,0.0,0.47587865852792616,1.1684370842192113
1694,1.0,0.6733299907102919,-0.007654128339399061
1695,0.0,0.6479905116702963,1.4036859247718754
1696,0.0,0.631108155124846,1.0082774142308653
1697,1.0,0.504394697334879,0.11420775419941176
1698,2.0,-1.3305749374500853,-1.1758625727628638
1699,2.0,-1.7709356667132399,-1.175853556461308
1700,0.0,0.6130544889398107,0.9818889565460746
1701,2.0,-1.1853485645609112,-1.0678432006321312
1702,1.0,0.5290079134391724,0.0637254953029548
1703,1.0,0.9864925184410273,0.15920258346164137
1704,2.0,-1.4400010477002438,-1.3460112833261177
1705,0.0,0.8215261846917598,1.0832675880688816
1706,1.0,0.8364445485002553,0.20345003832752429
1707,2.0,-1.225080735126865,-1.2362221226082173
1708,2.0,-1.3224431582803746,-1.2941396376864558
1709,1.0,0.586397760262768,0.20241128215495807
1710,2.0,-1.6200274702672162,-1.3280557439965703
1711,0.0,0.5766443597333831,1.26059311309823
1712,0.0,0.8224763733199166,1.2995870884631646
1713,1.0,0.85566234991113,0.2478434053569071
1714,0.0,0.9087078022696224,1.010592083107699
1715,0.0,0.7006698923292136,1.3264013087051585
1716,2.0,-1.394889906943973,-1.1812881668060093
1717,0.0,0.5904305839367315,1.1253020797473818
1718,0.0,0.8049541885682288,1.2247197889966408
1719,1.0,0.6482289078449905,0.11254029347096786
1720,2.0,-1.0763471577876618,-1.2529090663206681
1721,2.0,-1.3437863881868937,-1.2444282179165613
1722,2.0,-1.239074157474546,-1.489185216352852
1723,0.0,0.5432576649617544,1.123261280002693
1724,0.0,0.7932200721031711,1.0425439359252004
1725,1.0,0.6897690826949311,0.10554806273249283
1726,2.0,-1.1594292906551127,-1.2485220389832172
1727,1.0,0.557338046844636,-0.1259187476524867
1728,2.0,-1.1525981785024892,-1.2865429501430294
1729,2.0,-1.6048984209071024,-1.340694971944117
1730,1.0,0.7716608680963417,0.3037252143654937
1731,0.0,1.0168111626162726,1.3812718179169516
1732,1.0,0.5776650850144649,0.03072488386300576
1733,1.0,0.7297660860801476,0.1565313548860358
1734,0.0,0.8957465391789543,1.3174182911659371
1735,1.0,0.585855286348179,-0.002020963728918923
1736,1.0,0.7313223664494326,-0.008612583000516523
1737,1.0,0.6117681220519845,0.11748852048200559
1738,0.0,0.5869108922259397,1.2606311301865794
1739,0.0,0.7792911862685061,0.9981407543637745
1740,2.0,-1.4062970036285782,-1.1176235612847236
1741,2.0,-0.9835047115711338,-1.237063158281977
1742,2.0,-1.1982637787869095,-1.248168647062642
1743,0.0,0.7158666120149128,1.314094139504527
1744,1.0,0.46748773257249876,0.008548601896350622
1745,0.0,0.8144869420385251,1.1805223767611226
1746,2.0,-1.6332011386725311,-1.243763586150835
1747,2.0,-1.4688070340116726,-1.2220994459142902
1748,0.0,0.6488950873208876,1.1870762280757796
1749,2.0,-1.5549747234764935,-1.2459076817418235
1750,0.0,0.8401722303966215,1.0114464756499004
1751,1.0,0.809690170198837,-0.06063909836080298
1752,2.0,-1.2059237227562294,-1.0688872726578076
1753,1.0,0.8544651888763284,-0.06100655990297122
1754,1.0,0.5381154763487234,0.0895975435369274
1755,2.0,-1.2417685403031375,-1.3041994515200768
1756,1.0,0.6652804707398384,-0.027554638544611897
1757,0.0,0.7131030577557732,1.1390373524084856
1758,0.0,0.8299989532219674,0.7692103930116607
1759,1.0,0.9059093102170941,0.06187057780301202
1760,1.0,0.6392878617075651,0.06978248054460011
1761,1.0,0.6914486417847895,-0.005911900550612484
1762,2.0,-1.3414072474196042,-1.1352246198441884
1763,1.0,0.925446489116855,0.3272089733873124
1764,2.0,-1.4059952000639895,-1.0570500361419917
1765,2.0,-1.3341448426427172,-1.2943379010313416
1766,1.0,0.5048658119710345,0.004181709631298597
1767,2.0,-1.3307044610338636,-1.2009926519767455
1768,2.0,-1.4120997402723214,-1.3307612376714455
1769,1.0,0.5899385230554742,0.18777395719020773
1770,2.0,-1.261987566075746,-1.433912054020874
1771,2.0,-1.3177773001049973,-1.1090257142612194
1772,1.0,0.9242324521717895,0.014229806414782305
1773,1.0,0.5427151334314458,0.1796653092369245
1774,2.0,-1.3084082938543489,-1.1484713374370523
1775,2.0,-1.3749286909749288,-1.0654773965842599
1776,1.0,1.1824749785640816,-0.009608228800465714
1777,0.0,0.8226239854011731,1.1987966250431477
1778,1.0,0.6016959892019261,-0.00636093762009959
1779,2.0,-1.2017107788682717,-1.4438722551310472
1780,2.0,-1.2030234194050424,-1.1657190325812596
1781,2.0,-1.268627848156394,-1.3186698351139805
1782,1.0,0.7208703719563503,0.060432647450781925
1783,1.0,0.7118098313664184,0.13164883366408625
1784,1.0,0.8674295782961451,0.1514773145338353
1785,2.0,-1.4649743987003783,-1.3692718047457644
1786,1.0,0.44670057226580867,0.12610580571946312
1787,1.0,0.6409182601889075,0.10089099389558549
1788,0.0,0.4517869518217563,1.2912650093586713
1789,2.0,-1.3340922585173944,-1.258268280955695
1790,0.0,0.8821270231344327,1.035885658211421
1791,1.0,0.6433404161273322,0.07937715102802423
1792,2.0,-1.5434394725948508,-1.1549650793752715
1793,0.0,0.7012820415531203,1.0515660958583302
1794,1.0,0.7568194785850285,0.07339291769908295
1795,2.0,-1.437433829292674,-1.386069866870368
1796,1.0,0.6953122964682318,0.1571563885480416
1797,2.0,-1.2498706375810298,-1.4550688553345095
1798,0.0,0.7727859816612191,1.155833052223577
1799,1.0,0.7499891879750088,0.03845220740500474
1800,0.0,0.7501689013362322,1.2859900517844172
1801,0.0,0.7713345671410401,1.0227207957833269
1802,0.0,0.7190066822741497,1.1942751988981237
1803,2.0,-1.4666073518323197,-1.2142451975367923
1804,1.0,0.7539574026297426,-0.089606952587299
1805,0.0,0.5336099030387363,1.0877076840592486
1806,1.0,0.7753981218405189,-0.04246531431470142
1807,1.0,0.7522890726616118,0.29054146072130854
1808,2.0,-1.4778794458874502,-1.1122576169429057
1809,0.0,0.4928296179883577,1.1753572169848228
1810,0.0,0.7909573592860175,1.1705221507202535
1811,1.0,0.4060028796676272,0.044198488569228186
1812,0.0,0.6613892438789499,1.1027108592940769
1813,0.0,0.5211775694291085,1.2667866964095138
1814,0.0,0.8608440158543508,1.1351700138721292
1815,0.0,0.9840635822090862,1.4439450582270914
1816,2.0,-1.3343528000861746,-1.136981284683909
1817,0.0,0.8437470358574743,1.106644008560125
1818,1.0,0.7302058635823683,0.08446191942900787
1819,1.0,0.6276579691422676,0.06211164558318173
1820,1.0,0.6964559535254291,-0.09218177348479588
1821,1.0,0.5906349660727542,0.2172186818526552
1822,1.0,0.7784402222156386,-0.29382025837201914
1823,2.0,-1.5917980334078325,-1.3460568336803103
1824,2.0,-1.422505042271492,-1.2731823742849575
1825,2.0,-1.4264501525632856,-1.0683579415879398
1826,0.0,0.8831874763666141,1.1936050847428736
1827,0.0,0.5934621201936313,1.3571692292843525
1828,2.0,-1.4380177958352838,-1.0845943125928827
1829,0.0,0.6460525971113732,1.0158342481042104
1830,1.0,0.8878678098076351,0.06904995485998926
1831,1.0,0.6847153380674876,0.06508630866825149
1832,1.0,0.5355203666188738,0.06315910995559325
1833,1.0,0.5453117103804184,0.1462096311674398
1834,0.0,1.1081591108448947,1.1856683332321503
1835,2.0,-1.568064462241166,-1.2085123092524406
1836,0.0,0.8059080681791908,1.3994734202035564
1837,2.0,-1.233721216960914,-1.441670086756202
1838,2.0,-1.7087395401308307,-1.187953330319767
1839,2.0,-1.2475381793538207,-1.318460676040401
1840,1.0,0.9133443650432241,0.23309411929288734
1841,1.0,0.8311873925111108,-0.05225763387103665
1842,0.0,0.9069764129866408,1.2897491198816462
1843,2.0,-1.3234551724042285,-1.3526718002623568
1844,0.0,0.6993187760172176,1.0602797647966773
1845,1.0,0.5768442169609974,-0.176279434529454
1846,0.0,0.7649903407575008,1.3118293088281012
1847,1.0,0.7550947385992424,-0.05228905601254803
1848,1.0,0.7087833523008792,-0.14475324400336612
1849,0.0,0.8443796123763996,1.0877943185746228
1850,0.0,0.8126252136499574,1.2326955979890744
1851,0.0,0.778778693260992,1.0210481660202102
1852,2.0,-1.3526918843837443,-1.3583967859853199
1853,0.0,0.5635930991772966,1.2027202908333432
1854,1.0,0.6760846993056314,0.07113795324955328
1855,0.0,0.7150475248360558,1.0878281341989842
1856,0.0,0.5173170056179793,1.287720664274491
1857,0.0,0.7559303336789275,1.2142731560556472
1858,0.0,0.8671602211393062,1.4462100726670635
1859,2.0,-1.3150895974076102,-1.1321522829997475
1860,0.0,0.8791873864162645,1.3106502853117858
1861,1.0,0.7851154460760076,0.10028745155152144
1862,0.0,0.5777543468885457,1.422783673460172
1863,2.0,-1.3017674023380332,-1.4431293163066437
1864,0.0,0.40973386816665963,0.9595742576907302
1865,2.0,-1.4541458758006798,-1.3718479227718683
1866,1.0,0.7235360437997411,-0.1488885558514951
1867,1.0,0.6995646548670946,0.08179120190101422
1868,0.0,0.9942861450611185,0.9572987257792013
1869,2.0,-1.407806612401782,-1.3091224129715249
1870,0.0,0.7832639297872246,1.1886063372195734
1871,1.0,0.43569945347310357,-0.004309869203292786
1872,2.0,-1.2457775460742992,-1.2357015313846609
1873,1.0,0.9230998192477746,-0.11791589920383487
1874,2.0,-1.2147932217172885,-1.2134037753662066
1875,0.0,1.0179862250261784,1.0072031233939924
1876,2.0,-1.2412203217754711,-1.1636174709122844
1877,1.0,0.7139215748233853,0.23344836875534775
1878,2.0,-1.749561515744295,-1.294606577258011
1879,0.0,0.502797739575567,1.2204791540455844
1880,2.0,-1.2940490325221456,-1.2865987787132442
1881,0.0,0.6605089484283451,1.1467616173176225
1882,0.0,0.4633550660805767,1.2569272423634819
1883,0.0,0.9334077136416729,1.207459542014095
1884,1.0,0.6881397710500018,0.09247274784435765
1885,0.0,0.6135571102338896,1.0109038802647745
1886,1.0,0.6905111511649993,0.18188902606280993
1887,1.0,0.7463238010874884,-0.1386803726099616
1888,0.0,0.6007529841967615,1.444699509587605
1889,0.0,0.41392380845689225,1.2148788613509152
1890,2.0,-1.57886313114049,-1.0777882063929562
1891,0.0,0.7074186359705514,1.010832905761742
1892,2.0,-1.2052317044712924,-1.0838955146638414
1893,1.0,0.7209881203346645,0.021228069734185333
1894,2.0,-1.285993881761668,-1.3696354464685299
1895,0.0,0.8452595218078397,1.3545629704322606
1896,2.0,-1.2026709597374006,-1.1402120610685214
1897,2.0,-1.1382176366301509,-1.2145247838843143
1898,1.0,0.4827540310016815,0.1345983639435411
1899,1.0,0.7839084709513796,0.1102493710629017
1900,2.0,-1.3712157741505646,-1.1243019078733314
1901,0.0,0.6826553268748612,1.2011670993955705
1902,2.0,-1.4759664116334565,-0.9530550106629824
1903,1.0,0.6116809558029398,0.2288571560924624
1904,0.0,0.7191891775966548,1.091466239398965
1905,0.0,0.7426522134119535,1.1815784790316828
1906,1.0,0.8270009944874526,0.13385577579138325
1907,2.0,-1.3209145475225201,-1.1061083328829049
1908,0.0,0.5095686004623663,1.2970939386456504
1909,1.0,0.7037210324297303,0.03293759509878826
1910,0.0,0.6973568785570006,1.4935127900085245
1911,2.0,-1.4951417540866478,-1.2761810199244832
1912,1.0,0.6455172845260312,0.051473038020803906
1913,2.0,-1.4041836194233388,-1.4552980666170026
1914,2.0,-1.1627519134311681,-1.3695272184387925
1915,2.0,-1.5753150678539056,-1.3391589793648109
1916,1.0,0.6990371537178376,-0.16728638264569415
1917,2.0,-1.3746289285267868,-1.139116747260396
1918,2.0,-1.3022608391868342,-1.1917824534125332
1919,1.0,0.5445935475412167,0.058514102857224186
1920,0.0,0.6109075124805239,1.0842347376483839
1921,1.0,0.7552171362426547,0.022019019184859125
1922,2.0,-1.4902786038069533,-1.34088729873882
1923,2.0,-1.2597750905700054,-1.3417257294684606
1924,2.0,-1.6618937271477592,-1.068079194528382
1925,0.0,0.717945599283288,1.3047181910383736
1926,1.0,0.8270439960329348,0.027773420283752136
1927,2.0,-1.0793395005617696,-1.291115299777686
1928,1.0,0.9432106765458984,0.08936098134214777
1929,2.0,-1.1842979178810518,-1.3873381243699208
1930,0.0,0.8394322592882101,1.2441763115739213
1931,2.0,-1.6780549920374104,-1.4815033009760656
1932,0.0,0.8352699675112363,1.250344956842344
1933,2.0,-1.3834555981360963,-1.3801199539292373
1934,1.0,0.9578073540201347,0.11346135468166314
1935,0.0,0.7740943477481751,0.9493521536494253
1936,1.0,1.0973800768840156,0.10427090587166644
1937,0.0,0.7245914243045929,1.176711169220511
1938,1.0,0.8252677898085905,-0.2143248445289273
1939,2.0,-1.276989223822403,-1.2830794107375185
1940,2.0,-1.6182527900501884,-1.3867300262485414
1941,1.0,0.6353663630665948,0.006539918988923788
1942,2.0,-1.4406006868645373,-1.5285645137406003
1943,0.0,0.8504328613436726,1.2459179639236104
1944,2.0,-1.2898320958348732,-1.1432155998891176
1945,2.0,-1.1852798221353882,-1.4213562897483563
1946,0.0,0.7527677922183937,1.0492374216376867
1947,2.0,-1.5594075561069443,-1.4920125835217908
1948,0.0,0.3754460470993546,1.221176269139585
1949,2.0,-1.3165479986242707,-1.2676640968359498
1950,1.0,0.5579468395709427,0.14794296486464334
1951,1.0,0.7467575447617391,0.05764978372361396
1952,0.0,0.6639602593135476,0.9305286731434366
1953,0.0,0.7131748953128801,0.8726589123672881
1954,0.0,0.7155769750494883,1.0728607760105766
1955,1.0,0.5681304524873629,0.032840707760949675
1956,0.0,0.7370868730670206,1.3325942582694628
1957,2.0,-1.5332028093403733,-1.363517482383806
1958,2.0,-1.2396800752091828,-1.065576210788664
1959,0.0,0.7629190568946742,1.232008431739297
1960,2.0,-1.7287455817937516,-1.2697830234387932
1961,1.0,0.9622186592649727,0.19590630656656835
1962,2.0,-1.4399746969875988,-1.1679352510640666
1963,0.0,0.9207637295777139,1.484965210207128
1964,1.0,0.6287131279230028,-0.05921321730943332
1965,1.0,1.0172421570091186,-0.08919025558633457
1966,0.0,0.6039714766296582,1.2081751804756717
1967,1.0,0.4116487721264156,0.022944267633167845
1968,1.0,0.6407532735541083,0.02827865950381067
1969,0.0,0.892510547185755,1.121425089489101
1970,1.0,0.698625902083717,0.13153460977575585
1971,0.0,0.8256770300629657,1.0909783954498466
1972,0.0,0.6174290078990482,1.14569298523952
1973,0.0,0.6697986879854521,1.3426348462005626
1974,1.0,0.5866320372904245,0.2604793047673764
1975,1.0,0.44364612895767336,0.2549191585991287
1976,2.0,-1.5231217954299126,-1.085840900621757
1977,2.0,-1.4476544597881258,-1.4173419194254706
1978,1.0,0.7232472025645155,0.17681280427789547
1979,0.0,0.6673319792615323,1.4485493609714117
1980,0.0,0.49121683796500365,1.086120517861433
1981,0.0,0.5635418904867043,1.134970941858864
1982,1.0,0.5608855889750826,-0.04486305532455137
1983,2.0,-1.673166015677024,-1.3767472838470933
1984,0.0,0.4830382691224547,1.0416721517676317
1985,1.0,0.452307839494838,-0.03002037213325443
1986,2.0,-1.5293379400868492,-1.2846406338705578
1987,2.0,-1.539998364881148,-1.2167276882255909
1988,2.0,-1.5723857321436048,-1.2946817266424926
1989,1.0,0.4622077794880186,0.20491167332546273
1990,1.0,0.4761344226325998,0.07504823898236533
1991,1.0,0.9108578379984854,0.11651896592849616
1992,1.0,0.6152185519863504,0.03966316520762671
1993,0.0,0.6062800853796251,1.053250203583735
1994,0.0,1.038547554368408,1.280277595950449
1995,2.0,-1.0846927488240274,-1.1305010693183546
1996,1.0,0.6747170777542861,0.11808759706762716
1997,2.0,-1.497079802324753,-1.1436789576255124
1998,2.0,-1.3432779276396565,-1.0877128302736216
1999,1.0,0.3023678668767558,0.09869918748815623
